full_name,pos,team_name,total_points,y_pred,notes,y_pred_delta_1,y_pred_delta_2,y_pred_delta_3,y_pred_delta_4,y_pred_delta_5,y_pred_delta_6,y_pred_delta_7,y_pred_delta_8,y_pred_delta_9,y_pred_delta_10,is_available
Mohamed_Salah,MID,Liverpool,344,379.5746786954713,,139.116460442404,18.083426482832863,32.51283977384145,23.789979444348432,0.8627748036909111,2.2810497971642576,9.173951078843345,0.0,3.5949153502055538,2.1411865321193773,True
Erling_Haaland,FWD,Man City,181,293.65270961599356,,99.45031499691467,33.702631485194075,14.30052438860065,2.4766698103057365,21.26653980490974,7.26531282657993,0.04698615481197521,1.2201348194690524,3.5922463367065234,3.2474909206254665,True
Cole_Palmer,MID,Chelsea,214,240.4582182530673,,18.083426482832863,32.51283977384145,23.789979444348432,0.8627748036909111,2.2810497971642576,9.173951078843345,0.0,3.5949153502055538,2.1411865321193773,3.1438246008551687,True
Bukayo_Saka,MID,Arsenal,127,222.37479177023442,,32.51283977384145,23.789979444348432,0.8627748036909111,2.2810497971642576,9.173951078843345,0.0,3.5949153502055538,2.1411865321193773,3.1438246008551687,10.539033134501437,True
Alexander_Isak,FWD,Newcastle,211,194.2023946190789,,33.702631485194075,14.30052438860065,2.4766698103057365,21.26653980490974,7.26531282657993,0.04698615481197521,1.2201348194690524,3.5922463367065234,3.2474909206254665,6.654848936087603,True
Bruno_Borges_Fernandes,MID,Man Utd,174,189.86195199639297,,23.789979444348432,0.8627748036909111,2.2810497971642576,9.173951078843345,0.0,3.5949153502055538,2.1411865321193773,3.1438246008551687,10.539033134501437,1.0893083959653609,True
Omar_Marmoush,MID,Man City,73,166.07197255204454,jan_transfer,0.8627748036909111,2.2810497971642576,9.173951078843345,0.0,3.5949153502055538,2.1411865321193773,3.1438246008551687,10.539033134501437,1.0893083959653609,2.678947608699332,True
Son_Heung_min,MID,Spurs,129,165.20919774835363,,2.2810497971642576,9.173951078843345,0.0,3.5949153502055538,2.1411865321193773,3.1438246008551687,10.539033134501437,1.0893083959653609,2.678947608699332,3.7465884228573003,True
Florian_Wirtz,MID,Liverpool,0,162.92814795118937,summer_transfer,9.173951078843345,0.0,3.5949153502055538,2.1411865321193773,3.1438246008551687,10.539033134501437,1.0893083959653609,2.678947608699332,3.7465884228573003,9.173951078843487,True
Ollie_Watkins,FWD,Aston Villa,186,160.4997631338848,,14.30052438860065,2.4766698103057365,21.26653980490974,7.26531282657993,0.04698615481197521,1.2201348194690524,3.5922463367065234,3.2474909206254665,6.654848936087603,1.4166471481687495,True
Matheus_Santos_Carneiro_da_Cunha,MID,Man Utd,178,153.75419687234603,summer_transfer,3.5949153502055538,2.1411865321193773,3.1438246008551687,10.539033134501437,1.0893083959653609,2.678947608699332,3.7465884228573003,9.173951078843487,2.4543904516233965,0.0,True
Bryan_Mbeumo,MID,Man Utd,236,153.75419687234603,summer_transfer,0.0,3.5949153502055538,2.1411865321193773,3.1438246008551687,10.539033134501437,1.0893083959653609,2.678947608699332,3.7465884228573003,9.173951078843487,2.4543904516233965,True
Martin_Odegaard,MID,Arsenal,116,150.15928152214047,,2.1411865321193773,3.1438246008551687,10.539033134501437,1.0893083959653609,2.678947608699332,3.7465884228573003,9.173951078843487,2.4543904516233965,0.0,0.6894341492317437,True
Phil_Foden,MID,Man City,105,148.0180949900211,,3.1438246008551687,10.539033134501437,1.0893083959653609,2.678947608699332,3.7465884228573003,9.173951078843487,2.4543904516233965,0.0,0.6894341492317437,0.42154182854102373,True
Jarrod_Bowen,FWD,West Ham,193,146.19923874528416,,2.4766698103057365,21.26653980490974,7.26531282657993,0.04698615481197521,1.2201348194690524,3.5922463367065234,3.2474909206254665,6.654848936087603,1.4166471481687495,0.023493077405987606,True
Luis_Diaz_Marulanda,MID,Liverpool,183,144.87427038916593,,10.539033134501437,1.0893083959653609,2.678947608699332,3.7465884228573003,9.173951078843487,2.4543904516233965,0.0,0.6894341492317437,0.42154182854102373,0.029548920809361334,True
Viktor_Gyokeres,FWD,Arsenal,0,143.72256893497843,summer_transfer,21.26653980490974,7.26531282657993,0.04698615481197521,1.2201348194690524,3.5922463367065234,3.2474909206254665,6.654848936087603,1.4166471481687495,0.023493077405987606,2.589550750330403,True
Jordan_Pickford,GK,Everton,158,139.3935198204221,,2.5490709487737604,6.539366442309529,2.552113971545168,32.29394623981824,0.12853066725625695,0.1346167127991862,0.0,0.43147858029237796,2.12063539125279,0.2999048902646564,True
David_Raya_Martin,GK,Arsenal,142,136.84444887164835,,6.539366442309529,2.552113971545168,32.29394623981824,0.12853066725625695,0.1346167127991862,0.0,0.43147858029237796,2.12063539125279,0.2999048902646564,0.0,True
Eberechi_Eze,MID,Crystal Palace,148,134.3352372546645,,1.0893083959653609,2.678947608699332,3.7465884228573003,9.173951078843487,2.4543904516233965,0.0,0.6894341492317437,0.42154182854102373,0.029548920809361334,0.0,True
Morgan_Gibbs_White,MID,Nott'm Forest,154,133.24592885869913,,2.678947608699332,3.7465884228573003,9.173951078843487,2.4543904516233965,0.0,0.6894341492317437,0.42154182854102373,0.029548920809361334,0.0,0.0,True
Anthony_Gordon,MID,Newcastle,124,130.5669812499998,,3.7465884228573003,9.173951078843487,2.4543904516233965,0.0,0.6894341492317437,0.42154182854102373,0.029548920809361334,0.0,0.0,1.538422710117203,True
Ederson_Santana_de_Moraes,GK,Man City,111,130.30508242933882,,2.552113971545168,32.29394623981824,0.12853066725625695,0.1346167127991862,0.0,0.43147858029237796,2.12063539125279,0.2999048902646564,0.0,0.17746026855127184,True
Marc_Cucurella_Saseta,DEF,Chelsea,133,128.48699819717916,,5.599759127738878,0.0,3.8784738363542033,0.0,5.365088306344489,0.0,2.650585837731569,0.8558015756028681,0.0,0.0,True
Alisson_Becker,GK,Liverpool,112,127.75296845779366,,32.29394623981824,0.12853066725625695,0.1346167127991862,0.0,0.43147858029237796,2.12063539125279,0.2999048902646564,0.0,0.17746026855127184,0.2999048902646564,True
Cody_Gakpo,MID,Liverpool,127,126.8203928271425,,9.173951078843487,2.4543904516233965,0.0,0.6894341492317437,0.42154182854102373,0.029548920809361334,0.0,0.0,1.538422710117203,0.6027638220021458,True
Josko_Gvardiol,DEF,Man City,153,122.88723906944028,,3.8784738363542033,0.0,5.365088306344489,0.0,2.650585837731569,0.8558015756028681,0.0,0.0,0.0,0.5573139236433349,True
Rayan_Ait_Nouri,DEF,Man City,125,122.88723906944028,summer_transfer,0.0,3.8784738363542033,0.0,5.365088306344489,0.0,2.650585837731569,0.8558015756028681,0.0,0.0,0.0,True
Jean_Philippe_Mateta,FWD,Crystal Palace,150,122.45602913006869,,7.26531282657993,0.04698615481197521,1.2201348194690524,3.5922463367065234,3.2474909206254665,6.654848936087603,1.4166471481687495,0.023493077405987606,2.589550750330403,5.527403339736139,True
William_Saliba,DEF,Arsenal,130,119.00876523308608,,0.0,5.365088306344489,0.0,2.650585837731569,0.8558015756028681,0.0,0.0,0.0,0.5573139236433349,7.135816918499927,True
Gabriel_dos_Santos_Magalhaes,DEF,Arsenal,117,119.00876523308608,,5.365088306344489,0.0,2.650585837731569,0.8558015756028681,0.0,0.0,0.0,0.5573139236433349,7.135816918499927,0.0,True
Marcus_Rashford,MID,Man Utd,95,117.64644174829901,,2.4543904516233965,0.0,0.6894341492317437,0.42154182854102373,0.029548920809361334,0.0,0.0,1.538422710117203,0.6027638220021458,0.2678923206907484,True
Antoine_Semenyo,MID,Bournemouth,165,115.19205129667561,,0.0,0.6894341492317437,0.42154182854102373,0.029548920809361334,0.0,0.0,1.538422710117203,0.6027638220021458,0.2678923206907484,0.5948824830001627,True
Justin_Kluivert,MID,Bournemouth,158,115.19205129667561,,0.6894341492317437,0.42154182854102373,0.029548920809361334,0.0,0.0,1.538422710117203,0.6027638220021458,0.2678923206907484,0.5948824830001627,0.0,True
Dominic_Solanke_Mitchell,FWD,Spurs,108,115.19071630348876,,0.04698615481197521,1.2201348194690524,3.5922463367065234,3.2474909206254665,6.654848936087603,1.4166471481687495,0.023493077405987606,2.589550750330403,5.527403339736139,4.317609441216064,True
Hugo_Ekitike,FWD,Liverpool,0,115.14373014867678,summer_transfer,1.2201348194690524,3.5922463367065234,3.2474909206254665,6.654848936087603,1.4166471481687495,0.023493077405987606,2.589550750330403,5.527403339736139,4.317609441216064,0.0,True
Morgan_Rogers,MID,Aston Villa,161,114.50261714744387,,0.42154182854102373,0.029548920809361334,0.0,0.0,1.538422710117203,0.6027638220021458,0.2678923206907484,0.5948824830001627,0.0,9.567920421773636,True
Pedro_Lomba_Neto,MID,Chelsea,104,114.08107531890285,,0.029548920809361334,0.0,0.0,1.538422710117203,0.6027638220021458,0.2678923206907484,0.5948824830001627,0.0,9.567920421773636,1.8870804542340807,True
Gabriel_Martinelli_Silva,MID,Arsenal,125,114.05152639809349,,1.538422710117203,0.6027638220021458,0.2678923206907484,0.5948824830001627,0.0,9.567920421773636,1.8870804542340807,0.0,1.3650820556580356,1.1759787231949588,True
Leandro_Trossard,MID,Arsenal,152,114.05152639809349,,0.0,0.0,1.538422710117203,0.6027638220021458,0.2678923206907484,0.5948824830001627,0.0,9.567920421773636,1.8870804542340807,0.0,True
Noni_Madueke,MID,Arsenal,120,114.05152639809349,summer_transfer,0.0,1.538422710117203,0.6027638220021458,0.2678923206907484,0.5948824830001627,0.0,9.567920421773636,1.8870804542340807,0.0,1.3650820556580356,True
Chris_Wood,FWD,Nott'm Forest,200,113.92359532920773,,3.5922463367065234,3.2474909206254665,6.654848936087603,1.4166471481687495,0.023493077405987606,2.589550750330403,5.527403339736139,4.317609441216064,0.0,1.0365295847309994,True
James_Tarkowski,DEF,Everton,105,113.64367692674159,,0.0,2.650585837731569,0.8558015756028681,0.0,0.0,0.0,0.5573139236433349,7.135816918499927,0.0,6.529059674085829,True
Jarrad_Branthwaite,DEF,Everton,88,113.64367692674159,,2.650585837731569,0.8558015756028681,0.0,0.0,0.0,0.5573139236433349,7.135816918499927,0.0,6.529059674085829,0.6259219241399023,True
Anthony_Elanga,MID,Newcastle,153,112.51310368797628,summer_transfer,0.6027638220021458,0.2678923206907484,0.5948824830001627,0.0,9.567920421773636,1.8870804542340807,0.0,1.3650820556580356,1.1759787231949588,1.0243056505431696,True
Savio_Moreira_de_Oliveira,MID,Man City,106,111.91033986597414,,0.2678923206907484,0.5948824830001627,0.0,9.567920421773636,1.8870804542340807,0.0,1.3650820556580356,1.1759787231949588,1.0243056505431696,0.0,True
Kevin_Schade,MID,Brentford,149,111.64244754528339,,0.5948824830001627,0.0,9.567920421773636,1.8870804542340807,0.0,1.3650820556580356,1.1759787231949588,1.0243056505431696,0.0,0.0,True
James_Maddison,MID,Spurs,133,111.04756506228323,,0.0,9.567920421773636,1.8870804542340807,0.0,1.3650820556580356,1.1759787231949588,1.0243056505431696,0.0,0.0,0.029548920809361334,True
Brennan_Johnson,MID,Spurs,137,111.04756506228323,,9.567920421773636,1.8870804542340807,0.0,1.3650820556580356,1.1759787231949588,1.0243056505431696,0.0,0.0,0.029548920809361334,1.538422710117203,True
Daniel_Munoz_Mejia,DEF,Crystal Palace,142,110.99309108901002,,0.8558015756028681,0.0,0.0,0.0,0.5573139236433349,7.135816918499927,0.0,6.529059674085829,0.6259219241399023,0.0,True
Yoane_Wissa,FWD,Brentford,185,110.3313489925012,,3.2474909206254665,6.654848936087603,1.4166471481687495,0.023493077405987606,2.589550750330403,5.527403339736139,4.317609441216064,0.0,1.0365295847309994,0.14952617388772182,True
Virgil_van_Dijk,DEF,Liverpool,143,110.13728951340715,,0.0,0.0,0.5573139236433349,7.135816918499927,0.0,6.529059674085829,0.6259219241399023,0.0,4.9738372035989755,0.0,True
Milos_Kerkez,DEF,Liverpool,134,110.13728951340715,summer_transfer,0.5573139236433349,7.135816918499927,0.0,6.529059674085829,0.6259219241399023,0.0,4.9738372035989755,0.0,0.0,0.0,True
Andrew_Robertson,DEF,Liverpool,91,110.13728951340715,,0.0,0.0,0.0,0.5573139236433349,7.135816918499927,0.0,6.529059674085829,0.6259219241399023,0.0,4.9738372035989755,True
Jeremie_Frimpong,DEF,Liverpool,0,110.13728951340715,summer_transfer,0.0,0.5573139236433349,7.135816918499927,0.0,6.529059674085829,0.6259219241399023,0.0,4.9738372035989755,0.0,0.0,True
Pedro_Porro_Sauceda,DEF,Spurs,98,109.57997558976382,,7.135816918499927,0.0,6.529059674085829,0.6259219241399023,0.0,4.9738372035989755,0.0,0.0,0.0,0.0,True
Joao_Pedro_Junqueira_de_Jesus,FWD,Chelsea,126,107.08385807187574,summer_transfer,6.654848936087603,1.4166471481687495,0.023493077405987606,2.589550750330403,5.527403339736139,4.317609441216064,0.0,1.0365295847309994,0.14952617388772182,1.6239905228081284,True
Nikola_Milenkovic,DEF,Nott'm Forest,145,102.44415867126389,,0.0,6.529059674085829,0.6259219241399023,0.0,4.9738372035989755,0.0,0.0,0.0,0.0,0.0,True
Murillo_Costa_dos_Santos,DEF,Nott'm Forest,130,102.44415867126389,,6.529059674085829,0.6259219241399023,0.0,4.9738372035989755,0.0,0.0,0.0,0.0,0.0,3.8784738363542033,True
Iliman_Ndiaye,MID,Everton,114,101.47964464050959,,1.8870804542340807,0.0,1.3650820556580356,1.1759787231949588,1.0243056505431696,0.0,0.0,0.029548920809361334,1.538422710117203,0.0,True
Rasmus_Hojlund,FWD,Man Utd,78,100.42900913578814,,1.4166471481687495,0.023493077405987606,2.589550750330403,5.527403339736139,4.317609441216064,0.0,1.0365295847309994,0.14952617388772182,1.6239905228081284,2.264915404375131,True
Amad_Diallo,MID,Man Utd,129,99.59256418627551,,0.0,1.3650820556580356,1.1759787231949588,1.0243056505431696,0.0,0.0,0.029548920809361334,1.538422710117203,0.0,0.0,True
Alejandro_Garnacho_Ferreyra,MID,Man Utd,106,99.59256418627551,,1.3650820556580356,1.1759787231949588,1.0243056505431696,0.0,0.0,0.029548920809361334,1.538422710117203,0.0,0.0,0.6027638220021458,True
Francisco_Evanilson_de_Lima_Barbosa,FWD,Bournemouth,128,99.01236198761939,,0.023493077405987606,2.589550750330403,5.527403339736139,4.317609441216064,0.0,1.0365295847309994,0.14952617388772182,1.6239905228081284,2.264915404375131,0.0,True
Kai_Havertz,FWD,Arsenal,97,98.9888689102134,,2.589550750330403,5.527403339736139,4.317609441216064,0.0,1.0365295847309994,0.14952617388772182,1.6239905228081284,2.264915404375131,0.0,0.0,True
Ismaila_Sarr,MID,Crystal Palace,149,98.22748213061747,,1.1759787231949588,1.0243056505431696,0.0,0.0,0.029548920809361334,1.538422710117203,0.0,0.0,0.6027638220021458,0.0,True
Alex_Iwobi,MID,Fulham,156,97.05150340742252,,1.0243056505431696,0.0,0.0,0.029548920809361334,1.538422710117203,0.0,0.0,0.6027638220021458,0.0,0.0,True
Jorgen_Strand_Larsen,FWD,Wolves,145,96.399318159883,summer_transfer,5.527403339736139,4.317609441216064,0.0,1.0365295847309994,0.14952617388772182,1.6239905228081284,2.264915404375131,0.0,0.0,0.0,True
Jamie_Bynoe_Gittens,MID,Chelsea,0,96.02719775687935,summer_transfer,0.0,0.029548920809361334,1.538422710117203,0.0,0.0,0.6027638220021458,0.0,0.0,0.0,0.0,True
Estevao_Almeida_de_Oliveira_Goncalves,MID,Chelsea,0,96.02719775687935,summer_transfer,0.029548920809361334,1.538422710117203,0.0,0.0,0.6027638220021458,0.0,0.0,0.0,0.0,0.0,True
Enzo_Fernandez,MID,Chelsea,135,96.02719775687935,,0.0,0.0,0.029548920809361334,1.538422710117203,0.0,0.0,0.6027638220021458,0.0,0.0,0.0,True
Declan_Rice,MID,Arsenal,127,95.99764883606998,,1.538422710117203,0.0,0.0,0.6027638220021458,0.0,0.0,0.0,0.0,0.0,0.5436659803834232,True
Reece_James,DEF,Chelsea,54,95.91509899717806,,0.6259219241399023,0.0,4.9738372035989755,0.0,0.0,0.0,0.0,0.0,3.8784738363542033,0.0,True
Matz_Sels,GK,Nott'm Forest,150,95.45902221797542,,0.12853066725625695,0.1346167127991862,0.0,0.43147858029237796,2.12063539125279,0.2999048902646564,0.0,0.17746026855127184,0.2999048902646564,8.923149213617648,True
Robert_Lynch_Sanchez,GK,Chelsea,126,95.33049155071916,,0.1346167127991862,0.0,0.43147858029237796,2.12063539125279,0.2999048902646564,0.0,0.17746026855127184,0.2999048902646564,8.923149213617648,19.47227468971181,True
Lewis_Hall,DEF,Newcastle,102,95.28917707303816,,4.9738372035989755,0.0,0.0,0.0,0.0,0.0,3.8784738363542033,0.0,0.0,0.0,True
Fabian_Schar,DEF,Newcastle,118,95.28917707303816,,0.0,4.9738372035989755,0.0,0.0,0.0,0.0,0.0,3.8784738363542033,0.0,0.0,True
Altay_Bayindir,GK,Man Utd,8,95.19587483791997,,0.0,0.43147858029237796,2.12063539125279,0.2999048902646564,0.0,0.17746026855127184,0.2999048902646564,8.923149213617648,19.47227468971181,2.5490709487737604,True
Andre_Onana,GK,Man Utd,120,95.19587483791997,,0.43147858029237796,2.12063539125279,0.2999048902646564,0.0,0.17746026855127184,0.2999048902646564,8.923149213617648,19.47227468971181,2.5490709487737604,3.424200200444261,True
Dean_Henderson,GK,Crystal Palace,135,94.7643962576276,,2.12063539125279,0.2999048902646564,0.0,0.17746026855127184,0.2999048902646564,8.923149213617648,19.47227468971181,2.5490709487737604,3.424200200444261,0.0,True
Jacob_Murphy,MID,Newcastle,159,94.45922612595278,,0.0,0.0,0.6027638220021458,0.0,0.0,0.0,0.0,0.0,0.5436659803834232,0.3191088233074879,True
Bruno_Guimaraes_Rodriguez_Moura,MID,Newcastle,135,94.45922612595278,,0.0,0.6027638220021458,0.0,0.0,0.0,0.0,0.0,0.5436659803834232,0.3191088233074879,0.0,True
Harvey_Barnes,MID,Newcastle,130,94.45922612595278,,0.6027638220021458,0.0,0.0,0.0,0.0,0.0,0.5436659803834232,0.3191088233074879,0.0,0.0,True
Ilkay_Gundogan,MID,Man City,97,93.85646230395064,,0.0,0.0,0.0,0.5436659803834232,0.3191088233074879,0.0,0.0,2.281049797164229,0.0,0.0,True
Jeremy_Doku,MID,Man City,88,93.85646230395064,,0.5436659803834232,0.3191088233074879,0.0,0.0,2.281049797164229,0.0,0.0,7.286870624609406,1.8870804542340807,0.0,True
Bernardo_Mota_Veiga_de_Carvalho_e_Silva,MID,Man City,110,93.85646230395064,,0.0,0.0,0.5436659803834232,0.3191088233074879,0.0,0.0,2.281049797164229,0.0,0.0,7.286870624609406,True
Rayan_Cherki,MID,Man City,0,93.85646230395064,summer_transfer,0.0,0.5436659803834232,0.3191088233074879,0.0,0.0,2.281049797164229,0.0,0.0,7.286870624609406,1.8870804542340807,True
Rodrigo_'Rodri'_Hernandez_Cascante,MID,Man City,3,93.85646230395064,,0.0,0.0,0.0,0.0,0.5436659803834232,0.3191088233074879,0.0,0.0,2.281049797164229,0.0,True
Jack_Grealish,MID,Man City,38,93.85646230395064,,0.0,0.0,0.0,0.0,0.0,0.5436659803834232,0.3191088233074879,0.0,0.0,2.281049797164229,True
Mitoma_Kaoru,MID,Brighton,145,93.31279632356721,,0.3191088233074879,0.0,0.0,2.281049797164229,0.0,0.0,7.286870624609406,1.8870804542340807,0.0,0.0,True
Dejan_Kulusevski,MID,Spurs,117,92.99368750025972,,0.0,0.0,2.281049797164229,0.0,0.0,7.286870624609406,1.8870804542340807,0.0,0.0,1.611306794541349,True
Mathys_Tel,MID,Spurs,42,92.99368750025972,summer_transfer,0.0,2.281049797164229,0.0,0.0,7.286870624609406,1.8870804542340807,0.0,0.0,1.611306794541349,0.0,True
Mohammed_Kudus,MID,Spurs,106,92.99368750025972,summer_transfer,2.281049797164229,0.0,0.0,7.286870624609406,1.8870804542340807,0.0,0.0,1.611306794541349,0.0,0.0,True
Emiliano_Martinez_Romero,GK,Aston Villa,111,92.6437608663748,,0.2999048902646564,0.0,0.17746026855127184,0.2999048902646564,8.923149213617648,19.47227468971181,2.5490709487737604,3.424200200444261,0.0,0.1285306672563138,True
Stefan_Ortega_Moreno,GK,Man City,35,92.34385597611015,,0.17746026855127184,0.2999048902646564,8.923149213617648,19.47227468971181,2.5490709487737604,3.424200200444261,0.0,0.1285306672563138,2.6867306843442975,2.5582000170879837,True
James_Trafford,GK,Man City,0,92.34385597611015,summer_transfer,0.0,0.17746026855127184,0.2999048902646564,8.923149213617648,19.47227468971181,2.5490709487737604,3.424200200444261,0.0,0.1285306672563138,2.6867306843442975,True
Bernd_Leno,GK,Fulham,115,92.16639570755888,,0.2999048902646564,8.923149213617648,19.47227468971181,2.5490709487737604,3.424200200444261,0.0,0.1285306672563138,2.6867306843442975,2.5582000170879837,0.29381884472184083,True
Nick_Pope,GK,Newcastle,102,91.86649081729422,,8.923149213617648,19.47227468971181,2.5490709487737604,3.424200200444261,0.0,0.1285306672563138,2.6867306843442975,2.5582000170879837,0.29381884472184083,0.10081687560926866,True
Raul_Jimenez_Rodriguez,FWD,Fulham,147,90.87191482014686,,4.317609441216064,0.0,1.0365295847309994,0.14952617388772182,1.6239905228081284,2.264915404375131,0.0,0.0,0.0,0.23347427183946934,True
Federico_Chiesa,MID,Liverpool,7,90.7126377030955,,0.0,0.0,7.286870624609406,1.8870804542340807,0.0,0.0,1.611306794541349,0.0,0.0,0.8430836570820475,True
Alexis_Mac_Allister,MID,Liverpool,122,90.7126377030955,,0.0,7.286870624609406,1.8870804542340807,0.0,0.0,1.611306794541349,0.0,0.0,0.8430836570820475,0.0,True
Dominik_Szoboszlai,MID,Liverpool,143,90.7126377030955,,7.286870624609406,1.8870804542340807,0.0,0.0,1.611306794541349,0.0,0.0,0.8430836570820475,0.0,0.0,True
Matheus_Nunes,DEF,Man City,81,90.31533986943919,,0.0,0.0,0.0,0.0,3.8784738363542033,0.0,0.0,0.0,0.0,0.0,True
Nathan_Ake,DEF,Man City,25,90.31533986943919,,3.8784738363542033,0.0,0.0,0.0,0.0,0.0,0.7090032347468878,0.0,0.0,4.6560850715976585,True
Abdukodir_Khusanov,DEF,Man City,14,90.31533986943919,jan_transfer,0.0,0.0,0.0,3.8784738363542033,0.0,0.0,0.0,0.0,0.0,0.7090032347468878,True
John_Stones,DEF,Man City,29,90.31533986943919,,0.0,0.0,3.8784738363542033,0.0,0.0,0.0,0.0,0.0,0.7090032347468878,0.0,True
Ruben_dos_Santos_Gato_Alves_Dias,DEF,Man City,90,90.31533986943919,,0.0,0.0,0.0,0.0,0.0,3.8784738363542033,0.0,0.0,0.0,0.0,True
Manuel_Akanji,DEF,Man City,61,90.31533986943919,,0.0,3.8784738363542033,0.0,0.0,0.0,0.0,0.0,0.7090032347468878,0.0,0.0,True
Callum_Wilson,FWD,West Ham,0,86.55430537893079,summer_transfer,1.0365295847309994,0.14952617388772182,1.6239905228081284,2.264915404375131,0.0,0.0,0.0,0.23347427183946934,3.984478032590289,0.0,True
Niclas_Fullkrug,FWD,West Ham,42,86.55430537893079,,0.0,1.0365295847309994,0.14952617388772182,1.6239905228081284,2.264915404375131,0.0,0.0,0.0,0.23347427183946934,3.984478032590289,True
Jakub_Kiwior,DEF,Arsenal,43,86.43686603308498,,0.0,0.7090032347468878,0.0,0.0,4.6560850715976585,0.0,2.650585837731569,0.0,0.0,0.46944144310492675,True
Jurrien_Timber,DEF,Arsenal,114,86.43686603308498,,0.0,0.0,0.7090032347468878,0.0,0.0,4.6560850715976585,0.0,2.650585837731569,0.0,0.0,True
Riccardo_Calafiori,DEF,Arsenal,39,86.43686603308498,,0.7090032347468878,0.0,0.0,4.6560850715976585,0.0,2.650585837731569,0.0,0.0,0.46944144310492675,0.3863601324978845,True
Myles_Lewis_Skelly,DEF,Arsenal,37,86.43686603308498,,0.0,0.0,0.0,0.0,0.7090032347468878,0.0,0.0,4.6560850715976585,0.0,2.650585837731569,True
Benjamin_White,DEF,Arsenal,50,86.43686603308498,,0.0,0.0,0.0,0.7090032347468878,0.0,0.0,4.6560850715976585,0.0,2.650585837731569,0.0,True
Cristhian_Mosquera,DEF,Arsenal,0,86.43686603308498,summer_transfer,0.0,0.0,0.0,0.0,0.0,0.7090032347468878,0.0,0.0,4.6560850715976585,0.0,True
Lisandro_Martinez,DEF,Man Utd,68,85.7278627983381,,0.0,4.6560850715976585,0.0,2.650585837731569,0.0,0.0,0.46944144310492675,0.3863601324978845,0.5573139236433917,6.52426850415435,True
Noussair_Mazraoui,DEF,Man Utd,88,85.7278627983381,,4.6560850715976585,0.0,2.650585837731569,0.0,0.0,0.46944144310492675,0.3863601324978845,0.5573139236433917,6.52426850415435,0.0,True
Matthijs_de_Ligt,DEF,Man Utd,68,85.7278627983381,,0.0,0.0,4.6560850715976585,0.0,2.650585837731569,0.0,0.0,0.46944144310492675,0.3863601324978845,0.5573139236433917,True
Joshua_Zirkzee,FWD,Man Utd,64,85.51777579419979,,0.14952617388772182,1.6239905228081284,2.264915404375131,0.0,0.0,0.0,0.23347427183946934,3.984478032590289,0.0,8.071496084256353,True
Richarlison_de_Andrade,FWD,Spurs,35,85.36824962031207,,1.6239905228081284,2.264915404375131,0.0,0.0,0.0,0.23347427183946934,3.984478032590289,0.0,8.071496084256353,0.023493077405987606,True
Thierno_Barry,FWD,Everton,0,83.74425909750394,summer_transfer,2.264915404375131,0.0,0.0,0.0,0.23347427183946934,3.984478032590289,0.0,8.071496084256353,0.023493077405987606,0.3333764711211131,True
Dwight_McNeil,MID,Everton,93,83.42576707848609,,1.8870804542340807,0.0,0.0,1.611306794541349,0.0,0.0,0.8430836570820475,0.0,0.0,0.08667032722959789,True
Guglielmo_Vicario,GK,Spurs,66,82.94334160367657,,19.47227468971181,2.5490709487737604,3.424200200444261,0.0,0.1285306672563138,2.6867306843442975,2.5582000170879837,0.29381884472184083,0.10081687560926866,0.0,True
Jadon_Sancho,MID,Man Utd,86,81.53868662425201,,0.0,1.611306794541349,0.0,0.0,0.8430836570820475,0.0,0.0,0.08667032722959789,0.6027638220021458,0.42154182854102373,True
Antony_dos_Santos,MID,Man Utd,8,81.53868662425201,,1.611306794541349,0.0,0.0,0.8430836570820475,0.0,0.0,0.08667032722959789,0.6027638220021458,0.42154182854102373,0.029548920809361334,True
Mason_Mount,MID,Man Utd,25,81.53868662425201,,0.0,0.0,1.611306794541349,0.0,0.0,0.8430836570820475,0.0,0.0,0.08667032722959789,0.6027638220021458,True
Eliezer_Mayenda_Dossou,FWD,Sunderland,0,81.47934369312881,promoted_team,0.23347427183946934,3.984478032590289,0.0,8.071496084256353,0.023493077405987606,0.3333764711211131,2.264915404375131,0.0,0.0,0.0,True
Zian_Flemming,FWD,Burnley,0,81.47934369312881,promoted_team,0.0,0.0,0.23347427183946934,3.984478032590289,0.0,8.071496084256353,0.023493077405987606,0.3333764711211131,2.264915404375131,0.0,True
Wilson_Isidor,FWD,Sunderland,0,81.47934369312881,promoted_team,0.0,0.0,0.0,0.23347427183946934,3.984478032590289,0.0,8.071496084256353,0.023493077405987606,0.3333764711211131,2.264915404375131,True
Joel_Piroe,FWD,Leeds,0,81.47934369312881,promoted_team,0.0,0.23347427183946934,3.984478032590289,0.0,8.071496084256353,0.023493077405987606,0.3333764711211131,2.264915404375131,0.0,0.0,True
Danny_Welbeck,FWD,Brighton,125,81.24586942128934,,3.984478032590289,0.0,8.071496084256353,0.023493077405987606,0.3333764711211131,2.264915404375131,0.0,0.0,0.0,0.0,True
Vitalii_Mykolenko,DEF,Everton,121,81.07177772674044,,0.0,2.650585837731569,0.0,0.0,0.46944144310492675,0.3863601324978845,0.5573139236433917,6.52426850415435,0.0,0.6115484143455774,True
Jake_O'Brien,DEF,Everton,65,81.07177772674044,,2.650585837731569,0.0,0.0,0.46944144310492675,0.3863601324978845,0.5573139236433917,6.52426850415435,0.0,0.6115484143455774,0.0,True
James_Ward_Prowse,MID,West Ham,51,79.92737982971066,,0.0,0.0,0.8430836570820475,0.0,0.0,0.08667032722959789,0.6027638220021458,0.42154182854102373,0.029548920809361334,1.0144478763426719,True
Tomas_Soucek,MID,West Ham,126,79.92737982971066,,0.8430836570820475,0.0,0.0,0.08667032722959789,0.6027638220021458,0.42154182854102373,0.029548920809361334,1.0144478763426719,0.5239748337745311,0.6027638220021458,True
Lucas_Tolentino_Coelho_de_Lima,MID,West Ham,80,79.92737982971066,,0.0,0.8430836570820475,0.0,0.0,0.08667032722959789,0.6027638220021458,0.42154182854102373,0.029548920809361334,1.0144478763426719,0.5239748337745311,True
Callum_Hudson_Odoi,MID,Nott'm Forest,103,79.08429617262861,,0.0,0.0,0.08667032722959789,0.6027638220021458,0.42154182854102373,0.029548920809361334,1.0144478763426719,0.5239748337745311,0.6027638220021458,0.0,True
Dan_Ndoye,MID,Nott'm Forest,0,79.08429617262861,summer_transfer,0.08667032722959789,0.6027638220021458,0.42154182854102373,0.029548920809361334,1.0144478763426719,0.5239748337745311,0.6027638220021458,0.0,0.2678923206907484,0.27577365969267476,True
Dango_Ouattara,MID,Bournemouth,111,79.08429617262861,,0.0,0.08667032722959789,0.6027638220021458,0.42154182854102373,0.029548920809361334,1.0144478763426719,0.5239748337745311,0.6027638220021458,0.0,0.2678923206907484,True
Emile_Smith_Rowe,MID,Fulham,114,78.99762584539901,,0.6027638220021458,0.42154182854102373,0.029548920809361334,1.0144478763426719,0.5239748337745311,0.6027638220021458,0.0,0.2678923206907484,0.27577365969267476,0.0,True
Borna_Sosa,DEF,Crystal Palace,0,78.42119188900887,summer_transfer,0.0,0.0,0.46944144310492675,0.3863601324978845,0.5573139236433917,6.52426850415435,0.0,0.6115484143455774,0.0,0.0,True
Maxence_Lacroix,DEF,Crystal Palace,114,78.42119188900887,,0.46944144310492675,0.3863601324978845,0.5573139236433917,6.52426850415435,0.0,0.6115484143455774,0.0,0.0,3.639123491744101,0.0,True
Tyrick_Mitchell,DEF,Crystal Palace,123,78.42119188900887,,0.0,0.46944144310492675,0.3863601324978845,0.5573139236433917,6.52426850415435,0.0,0.6115484143455774,0.0,0.0,3.639123491744101,True
Youri_Tielemans,MID,Aston Villa,121,78.39486202339687,,0.42154182854102373,0.029548920809361334,1.0144478763426719,0.5239748337745311,0.6027638220021458,0.0,0.2678923206907484,0.27577365969267476,0.0,0.0,True
Christopher_Nkunku,MID,Chelsea,60,77.97332019485584,,0.029548920809361334,1.0144478763426719,0.5239748337745311,0.6027638220021458,0.0,0.2678923206907484,0.27577365969267476,0.0,0.0,9.887029245081095,True
Antonee_Robinson,DEF,Fulham,106,77.95175044590394,,0.3863601324978845,0.5573139236433917,6.52426850415435,0.0,0.6115484143455774,0.0,0.0,3.639123491744101,0.0,0.0,True
Mikel_Merino_Zazon,MID,Arsenal,92,77.94377127404648,,1.0144478763426719,0.5239748337745311,0.6027638220021458,0.0,0.2678923206907484,0.27577365969267476,0.0,0.0,9.887029245081095,0.0,True
Ibrahima_Konate,DEF,Liverpool,106,77.56539031340606,,0.5573139236433917,6.52426850415435,0.0,0.6115484143455774,0.0,0.0,3.639123491744101,0.0,0.0,0.0,True
Liam_Delap,FWD,Chelsea,132,77.26139138869905,summer_transfer,0.0,8.071496084256353,0.023493077405987606,0.3333764711211131,2.264915404375131,0.0,0.0,0.0,0.0,0.9704613838042917,True
Nicolas_Jackson,FWD,Chelsea,121,77.26139138869905,,8.071496084256353,0.023493077405987606,0.3333764711211131,2.264915404375131,0.0,0.0,0.0,0.0,0.9704613838042917,2.786553204020862,True
Cristian_Romero,DEF,Spurs,49,77.00807638976266,,6.52426850415435,0.0,0.6115484143455774,0.0,0.0,3.639123491744101,0.0,0.0,0.0,0.0,True
Hwang_Hee_chan,MID,Wolves,37,76.92932339770381,,0.5239748337745311,0.6027638220021458,0.0,0.2678923206907484,0.27577365969267476,0.0,0.0,9.887029245081095,0.0,1.8870804542340807,True
Joelinton_Cassio_Apolinario_de_Lira,MID,Newcastle,99,76.40534856392928,,0.6027638220021458,0.0,0.2678923206907484,0.27577365969267476,0.0,0.0,9.887029245081095,0.0,1.8870804542340807,0.2146416360924377,True
Mateo_Kovacic,MID,Man City,109,75.80258474192713,,0.2678923206907484,0.27577365969267476,0.0,0.0,9.887029245081095,0.0,1.8870804542340807,0.2146416360924377,0.0,0.0,True
Nico_Gonzalez_Iglesias,MID,Man City,31,75.80258474192713,summer_transfer,0.0,0.2678923206907484,0.27577365969267476,0.0,0.0,9.887029245081095,0.0,1.8870804542340807,0.2146416360924377,0.0,True
Mikkel_Damsgaard,MID,Brentford,131,75.53469242123639,,0.27577365969267476,0.0,0.0,9.887029245081095,0.0,1.8870804542340807,0.2146416360924377,0.0,0.0,0.0,True
Yankuba_Minteh,MID,Brighton,102,75.25891876154371,,0.0,9.887029245081095,0.0,1.8870804542340807,0.2146416360924377,0.0,0.0,0.0,0.0,0.0,True
Georginio_Rutter,MID,Brighton,95,75.25891876154371,,9.887029245081095,0.0,1.8870804542340807,0.2146416360924377,0.0,0.0,0.0,0.0,0.0,0.0,True
Solly_March,MID,Brighton,7,75.25891876154371,,0.0,0.0,9.887029245081095,0.0,1.8870804542340807,0.2146416360924377,0.0,0.0,0.0,0.0,True
Keane_Lewis_Potter,DEF,Brentford,94,70.48380788560831,,0.6115484143455774,0.0,0.0,3.639123491744101,0.0,0.0,0.0,0.0,0.0,2.889936182341728,True
Nathan_Collins,DEF,Brentford,127,70.48380788560831,,0.0,0.6115484143455774,0.0,0.0,3.639123491744101,0.0,0.0,0.0,0.0,0.0,True
Illia_Zabarnyi,DEF,Bournemouth,94,69.87225947126274,,0.0,3.639123491744101,0.0,0.0,0.0,0.0,0.0,2.889936182341728,0.0,0.0,True
Ola_Aina,DEF,Nott'm Forest,128,69.87225947126274,,0.0,0.0,3.639123491744101,0.0,0.0,0.0,0.0,0.0,2.889936182341728,0.0,True
Neco_Williams,DEF,Nott'm Forest,109,69.87225947126274,,3.639123491744101,0.0,0.0,0.0,0.0,0.0,2.889936182341728,0.0,0.0,0.0,True
Igor_Jesus_Maciel_da_Cruz,FWD,Nott'm Forest,0,69.1898953044427,summer_transfer,0.023493077405987606,0.3333764711211131,2.264915404375131,0.0,0.0,0.0,0.0,0.9704613838042917,2.786553204020862,1.761647626745173,True
Gabriel_Fernando_de_Jesus,FWD,Arsenal,42,69.16640222703671,,0.3333764711211131,2.264915404375131,0.0,0.0,0.0,0.0,0.9704613838042917,2.786553204020862,1.761647626745173,5.550651354646732,True
Norberto_Bercique_Gomes_Betuncal,FWD,Everton,87,68.8330257559156,,2.264915404375131,0.0,0.0,0.0,0.0,0.9704613838042917,2.786553204020862,1.761647626745173,5.550651354646732,1.2201348194690524,True
Lyle_Foster,FWD,Burnley,0,66.56811035154047,promoted_team,0.9704613838042917,2.786553204020862,1.761647626745173,5.550651354646732,1.2201348194690524,0.0,0.35686954852711494,2.2561742792093042,0.0,0.008741125165826702,True
Zeki_Amdouni,FWD,Burnley,0,66.56811035154047,promoted_team,0.0,0.0,0.0,0.9704613838042917,2.786553204020862,1.761647626745173,5.550651354646732,1.2201348194690524,0.0,0.35686954852711494,True
Mateo_Joseph_Fernandez_Regatillo,FWD,Leeds,0,66.56811035154047,promoted_team,0.0,0.9704613838042917,2.786553204020862,1.761647626745173,5.550651354646732,1.2201348194690524,0.0,0.35686954852711494,2.2561742792093042,0.0,True
Patrick_Bamford,FWD,Leeds,0,66.56811035154047,promoted_team,0.0,0.0,0.9704613838042917,2.786553204020862,1.761647626745173,5.550651354646732,1.2201348194690524,0.0,0.35686954852711494,2.2561742792093042,True
Lukas_Nmecha,FWD,Leeds,0,66.56811035154047,promoted_team,0.0,0.0,0.0,0.0,0.9704613838042917,2.786553204020862,1.761647626745173,5.550651354646732,1.2201348194690524,0.0,True
Kyle_Walker,DEF,Burnley,13,66.23313597951864,promoted_team,0.0,2.889936182341728,0.0,0.0,0.0,0.6259219241399023,0.0,0.0,0.0,4.9738372035989755,True
Trai_Hume,DEF,Sunderland,0,66.23313597951864,promoted_team,2.889936182341728,0.0,0.0,0.0,0.6259219241399023,0.0,0.0,0.0,4.9738372035989755,0.0,True
Pascal_Struijk,DEF,Leeds,0,66.23313597951864,promoted_team,0.0,0.0,0.0,2.889936182341728,0.0,0.0,0.0,0.6259219241399023,0.0,0.0,True
Daniel_Ballard,DEF,Sunderland,0,66.23313597951864,promoted_team,0.0,0.0,0.0,0.0,0.0,2.889936182341728,0.0,0.0,0.0,0.6259219241399023,True
Connor_Roberts,DEF,Burnley,0,66.23313597951864,promoted_team,0.0,0.0,2.889936182341728,0.0,0.0,0.0,0.6259219241399023,0.0,0.0,0.0,True
Jayden_Bogle,DEF,Leeds,0,66.23313597951864,promoted_team,0.0,0.0,0.0,0.0,2.889936182341728,0.0,0.0,0.0,0.6259219241399023,0.0,True
Igor_Thiago_Nascimento_Rodrigues,FWD,Brentford,9,65.59764896773618,,2.786553204020862,1.761647626745173,5.550651354646732,1.2201348194690524,0.0,0.35686954852711494,2.2561742792093042,0.0,0.008741125165826702,0.0,True
Carlos_Alcaraz_Duran,MID,Everton,44,65.37188951646262,summer_transfer,1.8870804542340807,0.2146416360924377,0.0,0.0,0.0,0.0,0.0,0.0,0.0,0.0,True
Idrissa_Gana_Gueye,MID,Everton,89,65.37188951646262,,0.0,1.8870804542340807,0.2146416360924377,0.0,0.0,0.0,0.0,0.0,0.0,0.0,True
Carlos_Henrique_Casimiro,MID,Man Utd,48,63.484809062228535,,0.2146416360924377,0.0,0.0,0.0,0.0,0.0,0.0,0.0,0.0,0.0,True
Mark_Travers,GK,Everton,19,63.47106691396476,summer_transfer,2.5490709487737604,3.424200200444261,0.0,0.1285306672563138,2.6867306843442975,2.5582000170879837,0.29381884472184083,0.10081687560926866,0.0,0.0,True
Malo_Gusto,DEF,Chelsea,60,63.34319979717691,,0.0,0.0,0.0,0.6259219241399023,0.0,0.0,0.0,4.9738372035989755,0.0,0.0,True
Jorrel_Hato,DEF,Chelsea,0,63.34319979717691,summer_transfer,0.6259219241399023,0.0,0.0,0.0,4.9738372035989755,0.0,0.0,1.1736535079203918,0.0,0.0,True
Levi_Samuels_Colwill,DEF,Chelsea,109,63.34319979717691,,0.0,0.0,0.6259219241399023,0.0,0.0,0.0,4.9738372035989755,0.0,0.0,1.1736535079203918,True
Trevoh_Chalobah,DEF,Chelsea,93,63.34319979717691,,0.0,0.6259219241399023,0.0,0.0,0.0,4.9738372035989755,0.0,0.0,1.1736535079203918,0.0,True
Jack_Harrison,MID,Leeds,81,63.2701674261361,promoted_team,0.0,1.3966651584489114,0.8430836570820475,0.0,0.0,0.08667032722959789,0.0,0.0,0.0,0.6027638220021458,True
Jacob_Bruun_Larsen,MID,Burnley,0,63.2701674261361,promoted_team,0.0,0.0,1.3966651584489114,0.8430836570820475,0.0,0.0,0.08667032722959789,0.0,0.0,0.0,True
Wilfried_Gnonto,MID,Leeds,0,63.2701674261361,promoted_team,1.3966651584489114,0.8430836570820475,0.0,0.0,0.08667032722959789,0.0,0.0,0.0,0.6027638220021458,0.0,True
Brenden_Aaronson,MID,Leeds,0,63.2701674261361,promoted_team,0.0,0.0,0.0,0.0,0.0,0.0,0.0,1.3966651584489114,0.8430836570820475,0.0,True
Manuel_Benson_Hedilazio,MID,Burnley,0,63.2701674261361,promoted_team,0.0,0.0,0.0,0.0,0.0,0.0,0.0,0.0,0.0,1.3966651584489114,True
Simon_Adingra,MID,Sunderland,60,63.2701674261361,promoted_team,0.0,0.0,0.0,0.0,1.3966651584489114,0.8430836570820475,0.0,0.0,0.08667032722959789,0.0,True
Habib_Diarra,MID,Sunderland,0,63.2701674261361,promoted_team,0.0,0.0,0.0,1.3966651584489114,0.8430836570820475,0.0,0.0,0.08667032722959789,0.0,0.0,True
Patrick_Roberts,MID,Sunderland,0,63.2701674261361,promoted_team,0.0,0.0,0.0,0.0,0.0,1.3966651584489114,0.8430836570820475,0.0,0.0,0.08667032722959789,True
Jaidon_Anthony,MID,Burnley,0,63.2701674261361,promoted_team,0.0,0.0,0.0,0.0,0.0,0.0,1.3966651584489114,0.8430836570820475,0.0,0.0,True
Daniel_James,MID,Leeds,0,63.2701674261361,promoted_team,0.0,0.0,0.0,0.0,0.0,0.0,0.0,0.0,1.3966651584489114,0.8430836570820475,True
Eddie_Nketiah,FWD,Crystal Palace,53,62.811095763715315,,1.761647626745173,5.550651354646732,1.2201348194690524,0.0,0.35686954852711494,2.2561742792093042,0.0,0.008741125165826702,0.0,0.0,True
Kieran_Trippier,DEF,Newcastle,72,62.717277873037006,,0.0,4.9738372035989755,0.0,0.0,1.1736535079203918,0.0,0.0,0.0,0.0,0.0,True
Tino_Livramento,DEF,Newcastle,105,62.717277873037006,,0.0,0.0,0.0,4.9738372035989755,0.0,0.0,1.1736535079203918,0.0,0.0,0.0,True
Dan_Burn,DEF,Newcastle,115,62.717277873037006,,4.9738372035989755,0.0,0.0,1.1736535079203918,0.0,0.0,0.0,0.0,0.0,0.0,True
Sven_Botman,DEF,Newcastle,18,62.717277873037006,,0.0,0.0,4.9738372035989755,0.0,0.0,1.1736535079203918,0.0,0.0,0.0,0.0,True
Crysencio_Summerville,MID,West Ham,33,61.873502267687186,,0.8430836570820475,0.0,0.0,0.08667032722959789,0.0,0.0,0.0,0.6027638220021458,0.0,0.0,True
Rodrigo_Muniz_Carvalho,FWD,Fulham,86,61.04944813697014,,5.550651354646732,1.2201348194690524,0.0,0.35686954852711494,2.2561742792093042,0.0,0.008741125165826702,0.0,0.0,0.0,True
Marcus_Tavernier,MID,Bournemouth,87,61.03041861060514,,0.0,0.0,0.08667032722959789,0.0,0.0,0.0,0.6027638220021458,0.0,0.0,0.0,True
Elliot_Anderson,MID,Nott'm Forest,107,61.03041861060514,,0.08667032722959789,0.0,0.0,0.0,0.6027638220021458,0.0,0.0,0.0,0.0,0.0,True
Joao_Pedro_Ferreira_da_Silva,MID,Nott'm Forest,52,61.03041861060514,,0.0,0.08667032722959789,0.0,0.0,0.0,0.6027638220021458,0.0,0.0,0.0,0.0,True
Andreas_Hoelgebaum_Pereira,MID,Fulham,81,60.94374828337554,,0.6027638220021458,0.0,0.0,0.0,0.0,0.0,0.4215418285409953,0.029548920809389756,0.0,0.0,True
Ryan_Sessegnon,MID,Fulham,57,60.94374828337554,,0.0,0.0,0.0,0.6027638220021458,0.0,0.0,0.0,0.0,0.0,0.4215418285409953,True
Harry_Wilson,MID,Fulham,78,60.94374828337554,,0.0,0.0,0.6027638220021458,0.0,0.0,0.0,0.0,0.0,0.4215418285409953,0.029548920809389756,True
Adama_Traore_Diarra,MID,Fulham,95,60.94374828337554,,0.0,0.6027638220021458,0.0,0.0,0.0,0.0,0.0,0.4215418285409953,0.029548920809389756,0.0,True
Kepa_Arrizabalaga_Revuelta,GK,Arsenal,106,60.921995965191,summer_transfer,3.424200200444261,0.0,0.1285306672563138,2.6867306843442975,2.5582000170879837,0.29381884472184083,0.10081687560926866,0.0,0.0,0.0,True
Emiliano_Buendia_Stati,MID,Aston Villa,11,60.340984461373395,,0.0,0.0,0.0,0.0,0.0,0.4215418285409953,0.029548920809389756,0.0,0.0,0.0,True
Jacob_Ramsey,MID,Aston Villa,66,60.340984461373395,,0.0,0.0,0.4215418285409953,0.029548920809389756,0.0,0.0,0.0,1.0144478763426719,0.0,0.0,True
Samuel_Iling_Junior,MID,Aston Villa,0,60.340984461373395,,0.4215418285409953,0.029548920809389756,0.0,0.0,0.0,1.0144478763426719,0.0,0.0,0.0,0.0,True
Leon_Bailey,MID,Aston Villa,47,60.340984461373395,,0.0,0.0,0.0,0.4215418285409953,0.029548920809389756,0.0,0.0,0.0,1.0144478763426719,0.0,True
Donyell_Malen,MID,Aston Villa,34,60.340984461373395,jan_transfer,0.0,0.0,0.0,0.0,0.4215418285409953,0.029548920809389756,0.0,0.0,0.0,1.0144478763426719,True
John_McGinn,MID,Aston Villa,78,60.340984461373395,,0.0,0.4215418285409953,0.029548920809389756,0.0,0.0,0.0,1.0144478763426719,0.0,0.0,0.0,True
Moises_Caicedo_Corozo,MID,Chelsea,98,59.9194426328324,,0.029548920809389756,0.0,0.0,0.0,1.0144478763426719,0.0,0.0,0.0,0.0,0.0,True
Ethan_Nwaneri,MID,Arsenal,66,59.88989371202301,,1.0144478763426719,0.0,0.0,0.0,0.0,0.0,0.0,0.5239748337745311,0.6027638220021458,0.0,True
Fabio_Ferreira_Vieira,MID,Arsenal,0,59.88989371202301,,0.0,0.0,1.0144478763426719,0.0,0.0,0.0,0.0,0.0,0.0,0.5239748337745311,True
Christian_Norgaard,MID,Arsenal,107,59.88989371202301,summer_transfer,0.0,1.0144478763426719,0.0,0.0,0.0,0.0,0.0,0.0,0.5239748337745311,0.6027638220021458,True
Martin_Zubimendi_Ibanez,MID,Arsenal,0,59.88989371202301,summer_transfer,0.0,0.0,0.0,1.0144478763426719,0.0,0.0,0.0,0.0,0.0,0.0,True
Goncalo_Manuel_Ganchinho_Guedes,MID,Wolves,62,58.87544583568034,,0.0,0.0,0.0,0.0,0.5239748337745311,0.6027638220021458,0.0,0.0,0.0,0.2678923206907484,True
Marshall_Munetsi,MID,Wolves,50,58.87544583568034,summer_transfer,0.0,0.0,0.0,0.5239748337745311,0.6027638220021458,0.0,0.0,0.0,0.2678923206907484,0.27577365969267476,True
Jean_Ricner_Bellegarde,MID,Wolves,90,58.87544583568034,,0.5239748337745311,0.6027638220021458,0.0,0.0,0.0,0.2678923206907484,0.27577365969267476,0.0,0.0,0.0,True
Andre_Trindade_da_Costa_Neto,MID,Wolves,61,58.87544583568034,,0.0,0.5239748337745311,0.6027638220021458,0.0,0.0,0.0,0.2678923206907484,0.27577365969267476,0.0,0.0,True
Joao_Victor_Gomes_da_Silva,MID,Wolves,87,58.87544583568034,,0.0,0.0,0.5239748337745311,0.6027638220021458,0.0,0.0,0.0,0.2678923206907484,0.27577365969267476,0.0,True
Jhon_Arias,MID,Wolves,0,58.87544583568034,summer_transfer,0.0,0.0,0.0,0.0,0.0,0.0,0.5239748337745311,0.6027638220021458,0.0,0.0,True
Fer_Lopez_Gonzalez,MID,Wolves,0,58.87544583568034,summer_transfer,0.0,0.0,0.0,0.0,0.0,0.5239748337745311,0.6027638220021458,0.0,0.0,0.0,True
Sandro_Tonali,MID,Newcastle,106,58.35147100190581,,0.6027638220021458,0.0,0.0,0.0,0.2678923206907484,0.27577365969267476,0.0,0.0,0.0,0.0,True
Claudio_Echeverri,MID,Man City,1,57.74870717990366,,0.0,0.0,0.2678923206907484,0.27577365969267476,0.0,0.0,0.0,0.0,0.3191088233074595,0.0,True
James_McAtee,MID,Man City,31,57.74870717990366,,0.0,0.0,0.0,0.2678923206907484,0.27577365969267476,0.0,0.0,0.0,0.0,0.3191088233074595,True
Tijjani_Reijnders,MID,Man City,0,57.74870717990366,summer_transfer,0.0,0.2678923206907484,0.27577365969267476,0.0,0.0,0.0,0.0,0.3191088233074595,0.0,0.0,True
Oscar_Bobb,MID,Man City,3,57.74870717990366,,0.2678923206907484,0.27577365969267476,0.0,0.0,0.0,0.0,0.3191088233074595,0.0,0.0,0.0,True
Vitor_de_Oliveira_Nunes_dos_Reis,DEF,Man City,1,57.74344066943803,jan_transfer,0.0,0.0,1.1736535079203918,0.0,0.0,0.0,0.0,0.0,0.0,0.0,True
Nico_O'Reilly,DEF,Man City,31,57.74344066943803,,0.0,1.1736535079203918,0.0,0.0,0.0,0.0,0.0,0.0,0.0,0.0,True
Rico_Lewis,DEF,Man City,66,57.74344066943803,,1.1736535079203918,0.0,0.0,0.0,0.0,0.0,0.0,0.0,0.0,1.8729746024882274,True
Norberto_Murara_Neto,GK,Bournemouth,7,57.49779576474674,,0.0,0.1285306672563138,2.6867306843442975,2.5582000170879837,0.29381884472184083,0.10081687560926866,0.0,0.0,0.0,0.0,True
Dorde_Petrovic,GK,Bournemouth,0,57.49779576474674,summer_transfer,0.1285306672563138,2.6867306843442975,2.5582000170879837,0.29381884472184083,0.10081687560926866,0.0,0.0,0.0,0.0,2.849061188790472,True
Antoni_Milambo,MID,Brentford,0,57.48081485921291,summer_transfer,0.27577365969267476,0.0,0.0,0.0,0.0,0.3191088233074595,0.0,0.0,0.0,0.0,True
Filip_Jorgensen,GK,Chelsea,18,57.36926509749043,,2.6867306843442975,2.5582000170879837,0.29381884472184083,0.10081687560926866,0.0,0.0,0.0,0.0,2.849061188790472,1.126104540640199,True
Julio_Enciso_Espinola,MID,Brighton,59,57.20504119952024,,0.0,0.3191088233074595,0.0,0.0,0.0,0.0,2.2810497971642576,0.0,0.0,7.286870624609406,True
Matt_O'Riley,MID,Brighton,50,57.20504119952024,,0.0,0.0,0.3191088233074595,0.0,0.0,0.0,0.0,2.2810497971642576,0.0,0.0,True
Abdallah_Sima,MID,Brighton,0,57.20504119952024,,0.0,0.0,0.0,0.0,0.3191088233074595,0.0,0.0,0.0,0.0,2.2810497971642576,True
Jack_Hinshelwood,MID,Brighton,89,57.20504119952024,,0.3191088233074595,0.0,0.0,0.0,0.0,2.2810497971642576,0.0,0.0,7.286870624609406,0.0,True
Brajan_Gruda,MID,Brighton,45,57.20504119952024,,0.0,0.0,0.0,0.3191088233074595,0.0,0.0,0.0,0.0,2.2810497971642576,0.0,True
Manor_Solomon,MID,Spurs,0,56.88593237621278,,0.0,0.0,0.0,0.0,2.2810497971642576,0.0,0.0,7.286870624609406,0.0,1.8870804542340807,True
Wilson_Odobert,MID,Spurs,34,56.88593237621278,,0.0,0.0,2.2810497971642576,0.0,0.0,7.286870624609406,0.0,1.8870804542340807,0.0,0.2146416360924377,True
Yves_Bissouma,MID,Spurs,50,56.88593237621278,,0.0,0.0,0.0,2.2810497971642576,0.0,0.0,7.286870624609406,0.0,1.8870804542340807,0.0,True
Lucas_Bergvall,MID,Spurs,44,56.88593237621278,,2.2810497971642576,0.0,0.0,7.286870624609406,0.0,1.8870804542340807,0.0,0.2146416360924377,0.0,0.0,True
Rodrigo_Bentancur,MID,Spurs,49,56.88593237621278,,0.0,2.2810497971642576,0.0,0.0,7.286870624609406,0.0,1.8870804542340807,0.0,0.2146416360924377,0.0,True
Maximilian_Kilman,DEF,West Ham,82,56.56978716151764,,0.0,0.0,1.8729746024882274,0.0,0.0,0.0,0.0,0.0,0.0,0.831845725945584,True
Kyle_Walker_Peters,DEF,West Ham,0,56.56978716151764,summer_transfer,0.0,0.0,0.0,0.0,0.0,1.8729746024882274,0.0,0.0,0.0,0.0,True
El_Hadji_Malick_Diouf,DEF,West Ham,0,56.56978716151764,summer_transfer,0.0,0.0,0.0,0.0,0.0,0.0,0.0,1.8729746024882274,0.0,0.0,True
Emerson_Palmieri_dos_Santos,DEF,West Ham,76,56.56978716151764,,0.0,1.8729746024882274,0.0,0.0,0.0,0.0,0.0,0.0,0.831845725945584,0.7090032347468878,True
Ollie_Scarles,DEF,West Ham,29,56.56978716151764,,0.0,0.0,0.0,0.0,0.0,0.0,0.0,0.0,1.8729746024882274,0.0,True
Aaron_Wan_Bissaka,DEF,West Ham,118,56.56978716151764,,0.0,0.0,0.0,0.0,0.0,0.0,1.8729746024882274,0.0,0.0,0.0,True
Konstantinos_Mavropanos,DEF,West Ham,45,56.56978716151764,,0.0,0.0,0.0,1.8729746024882274,0.0,0.0,0.0,0.0,0.0,0.0,True
Nayef_Aguerd,DEF,West Ham,0,56.56978716151764,,0.0,0.0,0.0,0.0,1.8729746024882274,0.0,0.0,0.0,0.0,0.0,True
Jean_Clair_Todibo,DEF,West Ham,54,56.56978716151764,summer_transfer,1.8729746024882274,0.0,0.0,0.0,0.0,0.0,0.0,0.831845725945584,0.7090032347468878,0.0,True
Darwin_Nunez_Ribeiro,FWD,Liverpool,66,55.49879678232341,,1.2201348194690524,0.0,0.35686954852711494,2.2561742792093042,0.0,0.008741125165826702,0.0,0.0,0.0,0.0,True
Matt_Doherty,DEF,Wolves,75,54.69681255902941,,0.0,0.0,0.831845725945584,0.7090032347468878,0.0,0.0,0.0,0.0,0.0,4.6560850715976585,True
Yerson_Mosquera_Valdelamar,DEF,Wolves,3,54.69681255902941,,0.0,0.831845725945584,0.7090032347468878,0.0,0.0,0.0,0.0,0.0,4.6560850715976585,0.0,True
Toti_Gomes,DEF,Wolves,79,54.69681255902941,,0.831845725945584,0.7090032347468878,0.0,0.0,0.0,0.0,0.0,4.6560850715976585,0.0,0.0,True
Emmanuel_Agbadou,DEF,Wolves,45,54.69681255902941,jan_transfer,0.0,0.0,0.0,0.0,0.831845725945584,0.7090032347468878,0.0,0.0,0.0,0.0,True
Hugo_Bueno_Lopez,DEF,Wolves,0,54.69681255902941,,0.0,0.0,0.0,0.831845725945584,0.7090032347468878,0.0,0.0,0.0,0.0,0.0,True
Santiago_Ignacio_Bueno,DEF,Wolves,52,54.69681255902941,,0.0,0.0,0.0,0.0,0.0,0.0,0.831845725945584,0.7090032347468878,0.0,0.0,True
Rodrigo_Martins_Gomes,DEF,Wolves,42,54.69681255902941,,0.0,0.0,0.0,0.0,0.0,0.831845725945584,0.7090032347468878,0.0,0.0,0.0,True
Marco_Bizot,GK,Aston Villa,0,54.68253441314613,summer_transfer,2.5582000170879837,0.29381884472184083,0.10081687560926866,0.0,0.0,0.0,0.0,2.849061188790472,1.126104540640199,0.0,True
Curtis_Jones,MID,Liverpool,87,54.60488257904852,,0.0,0.0,7.286870624609406,0.0,1.8870804542340807,0.0,0.2146416360924377,0.0,0.0,0.0,True
Ryan_Gravenberch,MID,Liverpool,92,54.60488257904852,,0.0,7.286870624609406,0.0,1.8870804542340807,0.0,0.2146416360924377,0.0,0.0,0.0,0.0,True
Harvey_Elliott,MID,Liverpool,33,54.60488257904852,,7.286870624609406,0.0,1.8870804542340807,0.0,0.2146416360924377,0.0,0.0,0.0,0.0,0.0,True
Enes_Unal,FWD,Bournemouth,32,54.27866196285436,,0.35686954852711494,2.2561742792093042,0.0,0.008741125165826702,0.0,0.0,0.0,0.0,0.23347427183946934,0.0,True
Taiwo_Awoniyi,FWD,Nott'm Forest,32,54.27866196285436,,0.0,0.35686954852711494,2.2561742792093042,0.0,0.008741125165826702,0.0,0.0,0.0,0.0,0.23347427183946934,True
Youssef_Ramalho_Chermiti,FWD,Everton,3,53.92179241432724,,2.2561742792093042,0.0,0.008741125165826702,0.0,0.0,0.0,0.0,0.23347427183946934,0.0,3.5235403159856844,True
Oleksandr_Zinchenko,DEF,Arsenal,40,53.86496683308383,,0.7090032347468878,0.0,0.0,0.0,0.0,0.0,4.6560850715976585,0.0,0.0,0.0,True
Diego_Leon_Blanco,DEF,Man Utd,0,53.15596359833694,summer_transfer,0.0,4.6560850715976585,0.0,0.0,0.0,2.650585837731569,0.0,0.46944144310492675,0.0,0.0,True
Harry_Maguire,DEF,Man Utd,48,53.15596359833694,,0.0,0.0,4.6560850715976585,0.0,0.0,0.0,2.650585837731569,0.0,0.46944144310492675,0.0,True
Leny_Yoro,DEF,Man Utd,22,53.15596359833694,,0.0,0.0,0.0,4.6560850715976585,0.0,0.0,0.0,2.650585837731569,0.0,0.46944144310492675,True
Patrick_Dorgu,DEF,Man Utd,18,53.15596359833694,summer_transfer,0.0,0.0,0.0,0.0,0.0,4.6560850715976585,0.0,0.0,0.0,2.650585837731569,True
Diogo_Dalot_Teixeira,DEF,Man Utd,95,53.15596359833694,,4.6560850715976585,0.0,0.0,0.0,2.650585837731569,0.0,0.46944144310492675,0.0,0.0,0.0,True
Luke_Shaw,DEF,Man Utd,5,53.15596359833694,,0.0,0.0,0.0,0.0,4.6560850715976585,0.0,0.0,0.0,2.650585837731569,0.0,True
Alphonse_Areola,GK,West Ham,69,52.124334396058146,,0.29381884472184083,0.10081687560926866,0.0,0.0,0.0,0.0,2.849061188790472,1.126104540640199,0.0,1.995147746767941,True
Giorgi_Mamardashvili,GK,Liverpool,0,51.830515551336305,,0.10081687560926866,0.0,0.0,0.0,0.0,2.849061188790472,1.126104540640199,0.0,1.995147746767941,0.0,True
Robin_Roefs,GK,Sunderland,0,51.729698675727036,promoted_team,0.0,0.0,0.0,0.0,2.849061188790472,1.126104540640199,0.0,1.995147746767941,0.0,20.24954473879228,True
Anthony_Patterson,GK,Sunderland,0,51.729698675727036,promoted_team,0.0,0.0,2.849061188790472,1.126104540640199,0.0,1.995147746767941,0.0,20.24954473879228,2.5490709487737604,0.0,True
Illan_Meslier,GK,Leeds,0,51.729698675727036,promoted_team,0.0,0.0,0.0,2.849061188790472,1.126104540640199,0.0,1.995147746767941,0.0,20.24954473879228,2.5490709487737604,True
Lucas_Estella_Perri,GK,Leeds,0,51.729698675727036,promoted_team,0.0,2.849061188790472,1.126104540640199,0.0,1.995147746767941,0.0,20.24954473879228,2.5490709487737604,0.0,3.424200200444261,True
Max_Weiss,GK,Burnley,0,51.729698675727036,promoted_team,2.849061188790472,1.126104540640199,0.0,1.995147746767941,0.0,20.24954473879228,2.5490709487737604,0.0,3.424200200444261,0.0,True
Sasa_Kalajdzic,FWD,Wolves,0,51.66561813511794,,0.0,0.008741125165826702,0.0,0.0,0.0,0.0,0.23347427183946934,0.0,3.5235403159856844,2.8098012189314687,True
Fabio_Soares_Silva,FWD,Wolves,0,51.66561813511794,,0.008741125165826702,0.0,0.0,0.0,0.0,0.23347427183946934,0.0,3.5235403159856844,2.8098012189314687,3.2694558490297254,True
Nazarii_Rusyn,FWD,Sunderland,0,51.65687700995211,promoted_team,0.0,0.23347427183946934,0.0,3.5235403159856844,2.8098012189314687,3.2694558490297254,1.0365295847310136,0.0,1.7735166966958502,2.2561742792093042,True
Michael_Obafemi,FWD,Burnley,0,51.65687700995211,promoted_team,0.23347427183946934,0.0,3.5235403159856844,2.8098012189314687,3.2694558490297254,1.0365295847310136,0.0,1.7735166966958502,2.2561742792093042,0.0,True
Ashley_Barnes,FWD,Burnley,0,51.65687700995211,promoted_team,0.0,0.0,0.23347427183946934,0.0,3.5235403159856844,2.8098012189314687,3.2694558490297254,1.0365295847310136,0.0,1.7735166966958502,True
Luis_Hemir_Silva_Semedo,FWD,Sunderland,0,51.65687700995211,promoted_team,0.0,0.0,0.0,0.0,0.23347427183946934,0.0,3.5235403159856844,2.8098012189314687,3.2694558490297254,1.0365295847310136,True
Ahmed_Abdullahi,FWD,Sunderland,0,51.65687700995211,promoted_team,0.0,0.0,0.0,0.23347427183946934,0.0,3.5235403159856844,2.8098012189314687,3.2694558490297254,1.0365295847310136,0.0,True
Evan_Ferguson,FWD,Brighton,28,51.42340273811264,,3.5235403159856844,2.8098012189314687,3.2694558490297254,1.0365295847310136,0.0,1.7735166966958502,2.2561742792093042,0.0,0.24221539700529604,3.5235403159856844,True
Stefanos_Tzimas,FWD,Brighton,0,51.42340273811264,summer_transfer,0.0,3.5235403159856844,2.8098012189314687,3.2694558490297254,1.0365295847310136,0.0,1.7735166966958502,2.2561742792093042,0.0,0.24221539700529604,True
Caoimhin_Kelleher,GK,Brentford,45,48.880637486936564,summer_transfer,1.126104540640199,0.0,1.995147746767941,0.0,20.24954473879228,2.5490709487737604,0.0,3.424200200444261,0.0,0.0,True
Adam_Aznou,DEF,Everton,0,48.49987852673928,summer_transfer,0.0,0.0,2.650585837731569,0.0,0.46944144310492675,0.0,0.0,0.0,0.0,0.0,True
Nathan_Patterson,DEF,Everton,14,48.49987852673928,,0.0,2.650585837731569,0.0,0.46944144310492675,0.0,0.0,0.0,0.0,0.0,0.3863601324978845,True
Michael_Keane,DEF,Everton,48,48.49987852673928,,0.0,0.0,0.0,2.650585837731569,0.0,0.46944144310492675,0.0,0.0,0.0,0.0,True
Seamus_Coleman,DEF,Everton,5,48.49987852673928,,2.650585837731569,0.0,0.46944144310492675,0.0,0.0,0.0,0.0,0.0,0.3863601324978845,0.0,True
Odsonne_Edouard,FWD,Crystal Palace,7,47.89986242212696,,2.8098012189314687,3.2694558490297254,1.0365295847310136,0.0,1.7735166966958502,2.2561742792093042,0.0,0.24221539700529604,3.5235403159856844,6.689966020948901,True
Bart_Verbruggen,GK,Brighton,103,47.754532946296365,,0.0,1.995147746767941,0.0,20.24954473879228,2.5490709487737604,0.0,3.424200200444261,0.0,0.0,0.0,True
Jason_Steele,GK,Brighton,9,47.754532946296365,,1.995147746767941,0.0,20.24954473879228,2.5490709487737604,0.0,3.424200200444261,0.0,0.0,0.0,0.0,True
James_Garner,MID,Everton,42,47.318011954439115,,1.8870804542340807,0.0,0.2146416360924377,0.0,0.0,0.0,0.0,0.0,0.0,0.0,True
Tim_Iroegbunam,MID,Everton,22,47.318011954439115,,0.0,1.8870804542340807,0.0,0.2146416360924377,0.0,0.0,0.0,0.0,0.0,0.0,True
Marc_Guehi,DEF,Crystal Palace,116,45.84929268900771,,0.0,0.46944144310492675,0.0,0.0,0.0,0.0,0.0,0.3863601324978845,0.0,0.0,True
Chris_Richards,DEF,Crystal Palace,68,45.84929268900771,,0.46944144310492675,0.0,0.0,0.0,0.0,0.0,0.3863601324978845,0.0,0.0,0.5573139236433917,True
Sam_Johnstone,GK,Wolves,12,45.759385199528424,,0.0,20.24954473879228,2.5490709487737604,0.0,3.424200200444261,0.0,0.0,0.0,0.0,0.1285306672563138,True
Jose_Malheiro_de_Sa,GK,Wolves,93,45.759385199528424,,20.24954473879228,2.5490709487737604,0.0,3.424200200444261,0.0,0.0,0.0,0.0,0.1285306672563138,0.0,True
Manuel_Ugarte_Ribeiro,MID,Man Utd,49,45.430931500205034,,0.2146416360924377,0.0,0.0,0.0,0.0,0.0,0.0,0.0,0.0,0.0,True
Kobbie_Mainoo,MID,Man Utd,42,45.430931500205034,,0.0,0.2146416360924377,0.0,0.0,0.0,0.0,0.0,0.0,0.0,0.0,True
Jorge_Cuenca_Barreno,DEF,Fulham,9,45.379851245902785,,0.0,0.0,0.0,0.0,0.0,0.3863601324978845,0.0,0.0,0.5573139236433917,0.0,True
Issa_Diop,DEF,Fulham,31,45.379851245902785,,0.3863601324978845,0.0,0.0,0.5573139236433917,0.0,0.0,0.0,0.0,0.0,4.030163147457699,True
Calvin_Bassey,DEF,Fulham,75,45.379851245902785,,0.0,0.0,0.0,0.0,0.3863601324978845,0.0,0.0,0.5573139236433917,0.0,0.0,True
Kenny_Tete,DEF,Fulham,49,45.379851245902785,,0.0,0.3863601324978845,0.0,0.0,0.5573139236433917,0.0,0.0,0.0,0.0,0.0,True
Timothy_Castagne,DEF,Fulham,46,45.379851245902785,,0.0,0.0,0.3863601324978845,0.0,0.0,0.5573139236433917,0.0,0.0,0.0,0.0,True
Joachim_Andersen,DEF,Fulham,51,45.379851245902785,,0.0,0.0,0.0,0.3863601324978845,0.0,0.0,0.5573139236433917,0.0,0.0,0.0,True
Milan_Aleksic,MID,Sunderland,0,45.216289864112596,promoted_team,0.0,0.0,0.0,1.150440419565598,0.0,0.0,0.0,0.0,0.0,0.24622473888331342,True
Ian_Poveda_Ocampo,MID,Sunderland,0,45.216289864112596,promoted_team,0.0,0.0,0.0,0.0,1.150440419565598,0.0,0.0,0.0,0.0,0.0,True
Josh_Laurent,MID,Burnley,0,45.216289864112596,promoted_team,0.0,1.150440419565598,0.0,0.0,0.0,0.0,0.0,0.24622473888331342,0.0,0.0,True
Josh_Cullen,MID,Burnley,0,45.216289864112596,promoted_team,0.0,0.0,0.0,0.0,0.0,0.0,1.150440419565598,0.0,0.0,0.0,True
Luca_Koleosho,MID,Burnley,0,45.216289864112596,promoted_team,0.0,0.0,0.0,0.0,0.0,0.0,0.0,1.150440419565598,0.0,0.0,True
Enock_Agyei,MID,Burnley,0,45.216289864112596,promoted_team,0.0,0.0,0.0,0.0,0.0,0.0,0.0,0.0,0.0,0.0,True
Hannibal_Mejbri,MID,Burnley,0,45.216289864112596,promoted_team,0.0,0.0,0.0,0.0,0.0,0.0,0.0,0.0,1.150440419565598,0.0,True
Darko_Churlinov,MID,Burnley,0,45.216289864112596,promoted_team,0.0,0.0,0.0,0.0,0.0,0.0,0.0,0.0,0.0,1.150440419565598,True
Ilia_Gruev,MID,Leeds,0,45.216289864112596,promoted_team,0.0,0.0,0.0,0.0,0.0,0.0,0.0,0.0,0.0,0.0,True
Tanaka_Ao,MID,Leeds,0,45.216289864112596,promoted_team,0.0,0.0,0.0,0.0,0.0,0.0,0.0,0.0,0.0,0.0,True
Noah_Sadiki,MID,Sunderland,0,45.216289864112596,promoted_team,0.0,0.0,0.0,0.0,0.0,0.0,0.0,0.0,0.0,0.0,True
Loum_Tchaouna,MID,Burnley,0,45.216289864112596,promoted_team,0.0,0.0,0.0,0.0,0.0,0.0,0.0,0.0,0.0,0.0,True
Marcus_Edwards,MID,Burnley,0,45.216289864112596,promoted_team,0.0,0.0,0.0,0.0,0.0,0.0,0.0,0.0,0.0,0.0,True
Granit_Xhaka,MID,Sunderland,0,45.216289864112596,promoted_team,0.0,0.0,0.0,0.0,0.0,0.0,0.0,0.0,0.0,0.0,True
Dan_Neil,MID,Sunderland,0,45.216289864112596,promoted_team,0.0,0.0,0.0,0.0,0.0,0.0,0.0,0.0,0.0,0.0,True
Chris_Rigg,MID,Sunderland,0,45.216289864112596,promoted_team,0.0,0.0,0.0,0.0,0.0,1.150440419565598,0.0,0.0,0.0,0.0,True
Enzo_Le_Fee,MID,Sunderland,0,45.216289864112596,promoted_team,0.0,0.0,1.150440419565598,0.0,0.0,0.0,0.0,0.0,0.24622473888331342,0.0,True
Romaine_Mundle,MID,Sunderland,0,45.216289864112596,promoted_team,1.150440419565598,0.0,0.0,0.0,0.0,0.0,0.24622473888331342,0.0,0.0,0.0,True
Sean_Longstaff,MID,Leeds,34,45.216289864112596,promoted_team,0.0,0.0,0.0,0.0,0.0,0.0,0.0,0.0,0.0,0.0,True
Sam_Greenwood,MID,Leeds,0,45.216289864112596,promoted_team,0.0,0.0,0.0,0.0,0.0,0.0,0.0,0.0,0.0,0.0,True
Ethan_Ampadu,MID,Leeds,0,45.216289864112596,promoted_team,0.0,0.0,0.0,0.0,0.0,0.0,0.0,0.0,0.0,0.0,True
Anton_Stach,MID,Leeds,0,45.216289864112596,promoted_team,0.0,0.0,0.0,0.0,0.0,0.0,0.0,0.0,0.0,0.0,True
Largie_Ramazani,MID,Leeds,0,45.216289864112596,promoted_team,0.0,0.0,0.0,0.0,0.0,0.0,0.0,0.0,0.0,0.0,True
Chemsdine_Talbi,MID,Sunderland,0,45.216289864112596,promoted_team,0.0,0.0,0.0,0.0,0.0,0.0,0.0,0.0,0.0,0.0,True
William_Osula,FWD,Newcastle,19,45.09006120319549,,3.2694558490297254,1.0365295847310136,0.0,1.7735166966958502,2.2561742792093042,0.0,0.24221539700529604,3.5235403159856844,6.689966020948901,0.5753468056310282,True
Joe_Gomez,DEF,Liverpool,14,44.9934911134049,,0.0,0.0,0.5573139236433917,0.0,0.0,0.0,0.0,0.0,4.030163147457699,0.0,True
Conor_Bradley,DEF,Liverpool,41,44.9934911134049,,0.5573139236433917,0.0,0.0,0.0,0.0,0.0,4.030163147457699,0.0,0.0,0.0,True
Konstantinos_Tsimikas,DEF,Liverpool,43,44.9934911134049,,0.0,0.5573139236433917,0.0,0.0,0.0,0.0,0.0,4.030163147457699,0.0,0.0,True
Kevin_Danso,DEF,Spurs,16,44.43617718976151,summer_transfer,0.0,0.0,4.030163147457699,0.0,0.0,0.0,0.0,0.0,1.2518438482798047,0.0,True
Micky_van_de_Ven,DEF,Spurs,32,44.43617718976151,,0.0,0.0,0.0,4.030163147457699,0.0,0.0,0.0,0.0,0.0,1.2518438482798047,True
Djed_Spence,DEF,Spurs,51,44.43617718976151,,0.0,4.030163147457699,0.0,0.0,0.0,0.0,0.0,1.2518438482798047,0.0,0.0,True
Radu_Dragusin,DEF,Spurs,24,44.43617718976151,,4.030163147457699,0.0,0.0,0.0,0.0,0.0,1.2518438482798047,0.0,0.0,0.0,True
Destiny_Udogie,DEF,Spurs,43,44.43617718976151,,0.0,0.0,0.0,0.0,4.030163147457699,0.0,0.0,0.0,0.0,0.0,True
Ben_Davies,DEF,Spurs,28,44.43617718976151,,0.0,0.0,0.0,0.0,0.0,4.030163147457699,0.0,0.0,0.0,0.0,True
Jefferson_Lerma_Solis,MID,Crystal Palace,58,44.065849444547,,0.0,0.0,0.0,0.0,0.24622473888331342,0.0,0.0,0.0,0.8430836570820475,0.0,True
Adam_Wharton,MID,Crystal Palace,42,44.065849444547,,0.0,0.0,0.0,0.24622473888331342,0.0,0.0,0.0,0.8430836570820475,0.0,0.0,True
Will_Hughes,MID,Crystal Palace,67,44.065849444547,,0.0,0.0,0.0,0.0,0.0,0.24622473888331342,0.0,0.0,0.0,0.8430836570820475,True
Romain_Esse,MID,Crystal Palace,22,44.065849444547,jan_transfer,0.0,0.24622473888331342,0.0,0.0,0.0,0.8430836570820475,0.0,0.0,0.0,0.0,True
Daichi_Kamada,MID,Crystal Palace,45,44.065849444547,,0.0,0.0,0.24622473888331342,0.0,0.0,0.0,0.8430836570820475,0.0,0.0,0.0,True
Cheick_Doucoure,MID,Crystal Palace,19,44.065849444547,,0.24622473888331342,0.0,0.0,0.0,0.8430836570820475,0.0,0.0,0.0,0.0,0.0,True
Edson_Alvarez_Velazquez,MID,West Ham,40,43.819624705663685,,0.8430836570820475,0.0,0.0,0.0,0.0,0.0,0.0,0.0,0.0,0.0,True
Guido_Rodriguez,MID,West Ham,36,43.819624705663685,,0.0,0.0,0.8430836570820475,0.0,0.0,0.0,0.0,0.0,0.0,0.0,True
Maxwel_Cornet,MID,West Ham,1,43.819624705663685,,0.0,0.8430836570820475,0.0,0.0,0.0,0.0,0.0,0.0,0.0,0.0,True
Luis_Guilherme_Lira_dos_Santos,MID,West Ham,12,43.819624705663685,,0.0,0.0,0.0,0.8430836570820475,0.0,0.0,0.0,0.0,0.0,0.0,True
Alex_Scott,MID,Bournemouth,26,42.97654104858164,,0.0,0.0,0.0,0.0,0.0,0.0,0.0,0.0,0.08667032722959789,0.0,True
Philip_Billing,MID,Bournemouth,10,42.97654104858164,,0.0,0.0,0.0,0.0,0.0,0.0,0.0,0.08667032722959789,0.0,0.0,True
Luis_Sinisterra_Lucumi,MID,Bournemouth,23,42.97654104858164,,0.0,0.0,0.0,0.0,0.0,0.08667032722959789,0.0,0.0,0.6027638220021458,0.0,True
Ryan_Yates,MID,Nott'm Forest,67,42.97654104858164,,0.0,0.0,0.0,0.0,0.0,0.0,0.08667032722959789,0.0,0.0,0.6027638220021458,True
Ryan_Christie,MID,Bournemouth,76,42.97654104858164,,0.0,0.0,0.0,0.08667032722959789,0.0,0.0,0.6027638220021458,0.0,0.0,0.0,True
Nicolas_Dominguez,MID,Nott'm Forest,54,42.97654104858164,,0.0,0.0,0.0,0.0,0.0,0.0,0.0,0.0,0.0,0.0,True
David_Brooks,MID,Bournemouth,52,42.97654104858164,,0.0,0.0,0.0,0.0,0.0,0.0,0.0,0.0,0.0,0.08667032722959789,True
Ibrahim_Sangare,MID,Nott'm Forest,20,42.97654104858164,,0.0,0.08667032722959789,0.0,0.0,0.6027638220021458,0.0,0.0,0.0,0.0,0.4215418285409953,True
Lewis_Cook,MID,Bournemouth,82,42.97654104858164,,0.0,0.0,0.08667032722959789,0.0,0.0,0.6027638220021458,0.0,0.0,0.0,0.0,True
Lewis_O'Brien,MID,Nott'm Forest,0,42.97654104858164,,0.08667032722959789,0.0,0.0,0.6027638220021458,0.0,0.0,0.0,0.0,0.4215418285409953,0.0,True
Tyler_Adams,MID,Bournemouth,58,42.97654104858164,,0.0,0.0,0.0,0.0,0.08667032722959789,0.0,0.0,0.6027638220021458,0.0,0.0,True
Sander_Berge,MID,Fulham,53,42.88987072135204,,0.0,0.6027638220021458,0.0,0.0,0.0,0.0,0.4215418285409953,0.0,0.0,0.0,True
Sasa_Lukic,MID,Fulham,56,42.88987072135204,,0.6027638220021458,0.0,0.0,0.0,0.0,0.4215418285409953,0.0,0.0,0.0,0.029548920809389756,True
Tom_Cairney,MID,Fulham,33,42.88987072135204,,0.0,0.0,0.6027638220021458,0.0,0.0,0.0,0.0,0.4215418285409953,0.0,0.0,True
Boubacar_Kamara,MID,Aston Villa,57,42.287106899349894,,0.0,0.0,0.0,0.0,0.4215418285409953,0.0,0.0,0.0,0.029548920809389756,1.0144478763426719,True
Amadou_Onana,MID,Aston Villa,65,42.287106899349894,,0.0,0.4215418285409953,0.0,0.0,0.0,0.029548920809389756,1.0144478763426719,0.5239748337745311,0.0,0.6027638220021458,True
Lewis_Dobbin,MID,Aston Villa,0,42.287106899349894,,0.0,0.0,0.0,0.4215418285409953,0.0,0.0,0.0,0.029548920809389756,1.0144478763426719,0.5239748337745311,True
Ross_Barkley,MID,Aston Villa,44,42.287106899349894,,0.4215418285409953,0.0,0.0,0.0,0.029548920809389756,1.0144478763426719,0.5239748337745311,0.0,0.6027638220021458,0.0,True
Enzo_Barrenechea,MID,Aston Villa,0,42.287106899349894,,0.0,0.0,0.4215418285409953,0.0,0.0,0.0,0.029548920809389756,1.0144478763426719,0.5239748337745311,0.0,True
Tyrique_George,MID,Chelsea,17,41.8655650708089,,0.0,0.0,0.029548920809389756,1.0144478763426719,0.5239748337745311,0.0,0.6027638220021458,0.0,0.2678923206907484,0.0,True
Kiernan_Dewsbury_Hall,MID,Chelsea,18,41.8655650708089,,0.0,0.0,0.0,0.029548920809389756,1.0144478763426719,0.5239748337745311,0.0,0.6027638220021458,0.0,0.2678923206907484,True
Romeo_Lavia,MID,Chelsea,26,41.8655650708089,,0.0,0.029548920809389756,1.0144478763426719,0.5239748337745311,0.0,0.6027638220021458,0.0,0.2678923206907484,0.0,0.0,True
Mykhailo_Mudryk,MID,Chelsea,7,41.8655650708089,,0.029548920809389756,1.0144478763426719,0.5239748337745311,0.0,0.6027638220021458,0.0,0.2678923206907484,0.0,0.0,0.0,True
Reiss_Nelson,MID,Arsenal,27,41.83601614999951,,1.0144478763426719,0.5239748337745311,0.0,0.6027638220021458,0.0,0.2678923206907484,0.0,0.0,0.0,0.0,True
Callum_Marshall,FWD,West Ham,0,41.820605354165764,,1.0365295847310136,0.0,1.7735166966958502,2.2561742792093042,0.0,0.24221539700529604,3.5235403159856844,6.689966020948901,0.5753468056310282,0.0,True
Boubacar_Traore,MID,Wolves,1,40.82156827365684,,0.5239748337745311,0.0,0.6027638220021458,0.0,0.2678923206907484,0.0,0.0,0.0,0.0,0.0,True
Chido_Obi,FWD,Man Utd,7,40.78407576943475,summer_transfer,0.0,1.7735166966958502,2.2561742792093042,0.0,0.24221539700529604,3.5235403159856844,6.689966020948901,0.5753468056310282,0.0,1.2671209742810134,True
Ethan_Wheatley,FWD,Man Utd,0,40.78407576943475,,1.7735166966958502,2.2561742792093042,0.0,0.24221539700529604,3.5235403159856844,6.689966020948901,0.5753468056310282,0.0,1.2671209742810134,0.0,True
Ezri_Konsa_Ngoyo,DEF,Aston Villa,103,40.40601404230381,,0.0,0.0,1.2518438482798047,0.0,0.0,0.0,0.0,0.0,0.0,0.0,True
Lucas_Digne,DEF,Aston Villa,89,40.40601404230381,,0.0,1.2518438482798047,0.0,0.0,0.0,0.0,0.0,0.0,0.0,0.0,True
Tyrone_Mings,DEF,Aston Villa,47,40.40601404230381,,1.2518438482798047,0.0,0.0,0.0,0.0,0.0,0.0,0.0,0.0,0.0,True
Matty_Cash,DEF,Aston Villa,76,40.40601404230381,,0.0,0.0,0.0,0.0,1.2518438482798047,0.0,0.0,0.0,0.0,0.0,True
Pau_Torres,DEF,Aston Villa,55,40.40601404230381,,0.0,0.0,0.0,0.0,0.0,1.2518438482798047,0.0,0.0,0.0,0.0,True
Ian_Maatsen,DEF,Aston Villa,57,40.40601404230381,,0.0,0.0,0.0,1.2518438482798047,0.0,0.0,0.0,0.0,0.0,0.0,True
Joe_Willock,MID,Newcastle,46,40.297593439882306,,0.0,0.6027638220021458,0.0,0.2678923206907484,0.0,0.0,0.0,0.0,0.0,0.0,True
Antonito_Cordero_Campillo,MID,Newcastle,0,40.297593439882306,summer_transfer,0.6027638220021458,0.0,0.2678923206907484,0.0,0.0,0.0,0.0,0.0,0.0,0.27577365969267476,True
Sverre_Nypan,MID,Man City,0,39.69482961788016,summer_transfer,0.0,0.2678923206907484,0.0,0.0,0.0,0.0,0.0,0.0,0.27577365969267476,0.0,True
Kalvin_Phillips,MID,Man City,27,39.69482961788016,,0.2678923206907484,0.0,0.0,0.0,0.0,0.0,0.0,0.27577365969267476,0.0,0.0,True
Yehor_Yarmoliuk,MID,Brentford,43,39.42693729718941,,0.0,0.0,0.0,0.0,0.0,0.0,0.27577365969267476,0.0,0.0,0.0,True
Fabio_Freitas_Gouveia_Carvalho,MID,Brentford,35,39.42693729718941,,0.0,0.0,0.0,0.27577365969267476,0.0,0.0,0.0,0.0,0.0,0.0,True
Jordan_Henderson,MID,Brentford,0,39.42693729718941,summer_transfer,0.0,0.0,0.0,0.0,0.27577365969267476,0.0,0.0,0.0,0.0,0.0,True
Mathias_Jensen,MID,Brentford,38,39.42693729718941,,0.0,0.0,0.0,0.0,0.0,0.27577365969267476,0.0,0.0,0.0,0.0,True
Gustavo_Nunes_Fernandes_Gomes,MID,Brentford,3,39.42693729718941,,0.0,0.0,0.27577365969267476,0.0,0.0,0.0,0.0,0.0,0.0,0.0,True
Vitaly_Janelt,MID,Brentford,73,39.42693729718941,,0.0,0.27577365969267476,0.0,0.0,0.0,0.0,0.0,0.0,0.0,0.0,True
Frank_Onyeka,MID,Brentford,2,39.42693729718941,,0.27577365969267476,0.0,0.0,0.0,0.0,0.0,0.0,0.0,0.0,0.3191088233074595,True
Igor_Julio_dos_Santos_de_Paulo,DEF,Brighton,18,39.154170194024005,,0.0,1.2422615084169024,0.0,0.0,0.0,0.0,0.0,0.6115484143455205,0.0,0.0,True
Tariq_Lamptey,DEF,Brighton,42,39.154170194024005,,0.0,0.0,0.0,0.0,1.2422615084169024,0.0,0.0,0.0,0.0,0.0,True
Adam_Webster,DEF,Brighton,39,39.154170194024005,,1.2422615084169024,0.0,0.0,0.0,0.0,0.0,0.6115484143455205,0.0,0.0,0.0,True
Ferdi_Kadioglu,DEF,Brighton,19,39.154170194024005,,0.0,0.0,1.2422615084169024,0.0,0.0,0.0,0.0,0.0,0.6115484143455205,0.0,True
Pervis_Estupinan_Tenorio,DEF,Brighton,63,39.154170194024005,,0.0,0.0,0.0,1.2422615084169024,0.0,0.0,0.0,0.0,0.0,0.6115484143455205,True
Joel_Veltman,DEF,Brighton,59,39.154170194024005,,0.0,0.0,0.0,0.0,0.0,0.0,1.2422615084169024,0.0,0.0,0.0,True
Jan_Paul_van_Hecke,DEF,Brighton,87,39.154170194024005,,0.0,0.0,0.0,0.0,0.0,0.0,0.0,1.2422615084169024,0.0,0.0,True
Diego_Coppola,DEF,Brighton,0,39.154170194024005,summer_transfer,0.0,0.0,0.0,0.0,0.0,1.2422615084169024,0.0,0.0,0.0,0.0,True
Maxim_De_Cuyper,DEF,Brighton,0,39.154170194024005,summer_transfer,0.0,0.0,0.0,0.0,0.0,0.0,0.0,0.0,1.2422615084169024,0.0,True
Lewis_Dunk,DEF,Brighton,44,39.154170194024005,,0.0,0.0,0.0,0.0,0.0,0.0,0.0,0.0,0.0,1.2422615084169024,True
Olivier_Boscagli,DEF,Brighton,0,39.154170194024005,summer_transfer,0.0,0.0,0.0,0.0,0.0,0.0,0.0,0.0,0.0,0.0,True
Tom_Watson,MID,Brighton,0,39.15116363749674,summer_transfer,0.0,0.0,0.0,0.0,0.0,0.0,0.3191088233074595,0.0,0.0,0.0,True
James_Milner,MID,Brighton,6,39.15116363749674,,0.0,0.0,0.0,0.0,0.0,0.0,0.0,0.0,0.3191088233074595,0.0,True
Mats_Wieffer,MID,Brighton,52,39.15116363749674,,0.0,0.0,0.0,0.0,0.0,0.0,0.0,0.3191088233074595,0.0,0.0,True
Carlos_Baleba,MID,Brighton,87,39.15116363749674,,0.0,0.0,0.0,0.0,0.3191088233074595,0.0,0.0,0.0,2.2810497971642576,0.0,True
Facundo_Buonanotte,MID,Brighton,75,39.15116363749674,,0.0,0.0,0.0,0.0,0.0,0.3191088233074595,0.0,0.0,0.0,2.2810497971642576,True
Malick_Yalcouye,MID,Brighton,0,39.15116363749674,,0.0,0.0,0.0,0.3191088233074595,0.0,0.0,0.0,2.2810497971642576,0.0,7.286870624609406,True
Jeremy_Sarmiento_Morante,MID,Brighton,1,39.15116363749674,,0.0,0.0,0.3191088233074595,0.0,0.0,0.0,2.2810497971642576,0.0,7.286870624609406,0.0,True
Yasin_Ayari,MID,Brighton,74,39.15116363749674,,0.0,0.3191088233074595,0.0,0.0,0.0,2.2810497971642576,0.0,7.286870624609406,0.0,0.0,True
Diego_Gomez_Amarilla,MID,Brighton,30,39.15116363749674,jan_transfer,0.3191088233074595,0.0,0.0,0.0,2.2810497971642576,0.0,7.286870624609406,0.0,0.0,0.0,True
Martin_Sherif,FWD,Everton,0,39.0105590727389,,2.2561742792093042,0.0,0.24221539700529604,3.5235403159856844,6.689966020948901,0.5753468056310282,0.0,1.2671209742810134,0.0,3.5922463367065234,True
Pape_Matar_Sarr,MID,Spurs,71,38.83205481418928,,2.2810497971642576,0.0,7.286870624609406,0.0,0.0,0.0,0.0,1.8870804542340807,0.0,0.0,True
Mikey_Moore,MID,Spurs,19,38.83205481418928,,0.0,2.2810497971642576,0.0,7.286870624609406,0.0,0.0,0.0,0.0,1.8870804542340807,0.0,True
Bryan_Gil_Salvatierra,MID,Spurs,0,38.83205481418928,,0.0,0.0,0.0,2.2810497971642576,0.0,7.286870624609406,0.0,0.0,0.0,0.0,True
Archie_Gray,MID,Spurs,45,38.83205481418928,,0.0,0.0,2.2810497971642576,0.0,7.286870624609406,0.0,0.0,0.0,0.0,1.8870804542340807,True
Mads_Roerslev_Rasmussen,DEF,Brentford,36,37.9119086856071,,0.0,0.0,0.0,0.0,0.0,0.6115484143455205,0.0,0.0,0.0,0.0,True
Michael_Kayode,DEF,Brentford,27,37.9119086856071,summer_transfer,0.0,0.6115484143455205,0.0,0.0,0.0,0.0,0.0,0.0,3.6391234917439874,0.0,True
Rico_Henry,DEF,Brentford,4,37.9119086856071,,0.0,0.0,0.0,0.6115484143455205,0.0,0.0,0.0,0.0,0.0,0.0,True
Kristoffer_Ajer,DEF,Brentford,39,37.9119086856071,,0.6115484143455205,0.0,0.0,0.0,0.0,0.0,0.0,3.6391234917439874,0.0,0.0,True
Sepp_van_den_Berg,DEF,Brentford,62,37.9119086856071,,0.0,0.0,0.6115484143455205,0.0,0.0,0.0,0.0,0.0,0.0,3.6391234917439874,True
Ethan_Pinnock,DEF,Brentford,47,37.9119086856071,,0.0,0.0,0.0,0.0,0.6115484143455205,0.0,0.0,0.0,0.0,0.0,True
David_Mota_Veiga_Teixeira_do_Carmo,DEF,Nott'm Forest,0,37.30036027126158,,0.0,0.0,3.6391234917439874,0.0,0.0,0.0,0.0,0.0,0.0,0.0,True
Adrien_Truffert,DEF,Bournemouth,0,37.30036027126158,summer_transfer,3.6391234917439874,0.0,0.0,0.0,0.0,0.0,0.0,0.0,0.0,0.0,True
Marcos_Senesi_Baron,DEF,Bournemouth,31,37.30036027126158,,0.0,0.0,0.0,0.0,3.6391234917439874,0.0,0.0,0.0,0.0,0.0,True
Jair_Paula_da_Cunha_Filho,DEF,Nott'm Forest,0,37.30036027126158,summer_transfer,0.0,0.0,0.0,3.6391234917439874,0.0,0.0,0.0,0.0,0.0,0.0,True
Omar_Richards,DEF,Nott'm Forest,0,37.30036027126158,,0.0,0.0,0.0,0.0,0.0,3.6391234917439874,0.0,0.0,0.0,0.0,True
Adam_Smith,DEF,Bournemouth,57,37.30036027126158,,0.0,3.6391234917439874,0.0,0.0,0.0,0.0,0.0,0.0,0.0,0.0,True
Felipe_Rodrigues_da_Silva,DEF,Nott'm Forest,36,37.30036027126158,,0.0,0.0,0.0,0.0,0.0,0.0,3.6391234917439874,0.0,0.0,0.0,True
Nathan_Fraser,FWD,Wolves,0,36.754384793529596,,0.24221539700529604,3.5235403159856844,6.689966020948901,0.5753468056310282,0.0,1.2671209742810134,0.0,3.5922463367065234,3.2474909206254807,2.3488635023268642,True
Leon_Chiwome,FWD,Wolves,0,36.754384793529596,,0.0,0.24221539700529604,3.5235403159856844,6.689966020948901,0.5753468056310282,0.0,1.2671209742810134,0.0,3.5922463367065234,3.2474909206254807,True
Ben_Doak,MID,Liverpool,0,36.55100501702502,,0.0,7.286870624609406,0.0,0.0,0.0,0.0,1.8870804542340807,0.0,0.0,0.0,True
Endo_Wataru,MID,Liverpool,21,36.55100501702502,,7.286870624609406,0.0,0.0,0.0,0.0,1.8870804542340807,0.0,0.0,0.0,0.0,True
Charalampos_Kostoulas,FWD,Brighton,0,36.5121693965243,summer_transfer,3.5235403159856844,6.689966020948901,0.5753468056310282,0.0,1.2671209742810134,0.0,3.5922463367065234,3.2474909206254807,2.3488635023268642,19.413731104048765,True
Joe_Rodon,DEF,Leeds,0,33.661236779517594,promoted_team,0.0,0.0,0.0,0.0,0.0,0.0,0.0,2.8899361823418417,0.0,0.0,True
Reinildo_Mandava,DEF,Sunderland,0,33.661236779517594,promoted_team,0.0,0.0,2.8899361823418417,0.0,0.0,0.0,0.6259219241399023,0.0,6.1474907115193105,1.8729746024882274,True
Shurandy_Sambo,DEF,Burnley,0,33.661236779517594,promoted_team,0.0,0.0,0.0,0.0,0.0,0.0,0.0,0.0,0.0,0.0,True
Joe_Anderson,DEF,Sunderland,0,33.661236779517594,promoted_team,0.0,0.0,0.0,0.0,0.0,0.0,0.0,0.0,0.0,0.0,True
Jaka_Bijol,DEF,Leeds,0,33.661236779517594,promoted_team,0.0,0.0,0.0,0.0,0.0,0.0,0.0,0.0,0.0,0.0,True
Quilindschy_Hartman,DEF,Burnley,0,33.661236779517594,promoted_team,0.0,0.0,0.0,0.0,0.0,0.0,0.0,0.0,0.0,0.0,True
Aji_Alese,DEF,Sunderland,0,33.661236779517594,promoted_team,0.0,0.0,0.0,0.0,0.0,0.0,0.0,0.0,0.0,0.0,True
Maxime_Esteve,DEF,Burnley,0,33.661236779517594,promoted_team,0.0,0.0,0.0,0.0,0.0,0.0,0.0,0.0,0.0,0.0,True
Lucas_Pires_Silva,DEF,Burnley,0,33.661236779517594,promoted_team,0.0,0.0,0.0,0.0,0.0,0.0,0.0,0.0,0.0,0.0,True
Joe_Worrall,DEF,Burnley,0,33.661236779517594,promoted_team,0.0,0.0,0.0,0.0,0.0,0.0,2.8899361823418417,0.0,0.0,0.0,True
Jenson_Seelt,DEF,Sunderland,0,33.661236779517594,promoted_team,0.0,0.0,0.0,0.0,0.0,0.0,0.0,0.0,0.0,0.0,True
Luke_O'Nien,DEF,Sunderland,0,33.661236779517594,promoted_team,0.0,2.8899361823418417,0.0,0.0,0.0,0.6259219241399023,0.0,6.1474907115193105,1.8729746024882274,0.0,True
Sebastiaan_Bornauw,DEF,Leeds,0,33.661236779517594,promoted_team,0.0,0.0,0.0,0.0,0.0,0.0,0.0,0.0,0.0,0.0,True
Zak_Johnson,DEF,Sunderland,0,33.661236779517594,promoted_team,0.0,0.0,0.0,0.0,0.0,2.8899361823418417,0.0,0.0,0.0,0.6259219241399023,True
Timothee_Pembele,DEF,Sunderland,0,33.661236779517594,promoted_team,0.0,0.0,0.0,2.8899361823418417,0.0,0.0,0.0,0.6259219241399023,0.0,6.1474907115193105,True
Niall_Huggins,DEF,Sunderland,0,33.661236779517594,promoted_team,0.0,0.0,0.0,0.0,2.8899361823418417,0.0,0.0,0.0,0.6259219241399023,0.0,True
Isaac_Schmidt,DEF,Leeds,0,33.661236779517594,promoted_team,0.0,0.0,0.0,0.0,0.0,0.0,0.0,0.0,2.8899361823418417,0.0,True
Gabriel_Gudmundsson,DEF,Leeds,0,33.661236779517594,promoted_team,0.0,0.0,0.0,0.0,0.0,0.0,0.0,0.0,0.0,2.8899361823418417,True
Sam_Byram,DEF,Leeds,0,33.661236779517594,promoted_team,2.8899361823418417,0.0,0.0,0.0,0.6259219241399023,0.0,6.1474907115193105,1.8729746024882274,0.0,0.0,True
Axel_Tuanzebe,DEF,Burnley,27,33.661236779517594,promoted_team,0.0,0.0,0.0,0.0,0.0,0.0,0.0,0.0,0.0,0.0,True
Oliver_Sonne,DEF,Burnley,0,33.661236779517594,promoted_team,0.0,0.0,0.0,0.0,0.0,0.0,0.0,0.0,0.0,0.0,True
Hannes_Delcroix,DEF,Burnley,0,33.661236779517594,promoted_team,0.0,0.0,0.0,0.0,0.0,0.0,0.0,0.0,0.0,0.0,True
Hjalmar_Ekdal,DEF,Burnley,0,33.661236779517594,promoted_team,0.0,0.0,0.0,0.0,0.0,0.0,0.0,0.0,0.0,0.0,True
Owen_Dodgson,DEF,Burnley,0,33.661236779517594,promoted_team,0.0,0.0,0.0,0.0,0.0,0.0,0.0,0.0,0.0,0.0,True
Leo_Fuhr_Hjelde,DEF,Sunderland,0,33.661236779517594,promoted_team,0.0,0.0,0.0,0.0,0.0,0.0,0.0,0.0,0.0,0.0,True
Jordan_Beyer,DEF,Burnley,0,33.661236779517594,promoted_team,0.0,0.0,0.0,0.0,0.0,0.0,0.0,0.0,0.0,0.0,True
Bashir_Humphreys,DEF,Burnley,0,33.661236779517594,promoted_team,0.0,0.0,0.0,0.0,0.0,0.0,0.0,0.0,0.0,0.0,True
Dennis_Cirkin,DEF,Sunderland,0,33.661236779517594,promoted_team,0.0,0.0,0.0,0.0,0.0,0.0,0.0,0.0,0.0,0.0,True
Wesley_Fofana,DEF,Chelsea,26,30.771300597175753,,0.0,0.0,0.0,0.6259219241399023,0.0,6.1474907115193105,1.8729746024882274,0.0,0.0,0.0,True
Benoit_Badiashile_Mukinayi,DEF,Chelsea,7,30.771300597175753,,0.6259219241399023,0.0,6.1474907115193105,1.8729746024882274,0.0,0.0,0.0,1.5408489606925286,0.0,0.0,True
Tosin_Adarabioyo,DEF,Chelsea,71,30.771300597175753,,0.0,0.6259219241399023,0.0,6.1474907115193105,1.8729746024882274,0.0,0.0,0.0,1.5408489606925286,0.0,True
Mamadou_Sarr,DEF,Chelsea,0,30.771300597175753,summer_transfer,0.0,0.0,0.6259219241399023,0.0,6.1474907115193105,1.8729746024882274,0.0,0.0,0.0,1.5408489606925286,True
Emil_Krafth,DEF,Newcastle,17,30.14537867303585,,0.0,6.1474907115193105,1.8729746024882274,0.0,0.0,0.0,1.5408489606925286,0.0,0.0,0.0,True
Jamaal_Lascelles,DEF,Newcastle,0,30.14537867303585,,6.1474907115193105,1.8729746024882274,0.0,0.0,0.0,1.5408489606925286,0.0,0.0,0.0,4.656085071597573,True
Jenson_Metcalfe,MID,Everton,0,29.264134392415613,,0.0,0.0,0.0,1.8870804542340807,0.0,0.0,0.0,0.0,0.2146416360924377,0.0,True
Coby_Ebere,MID,Everton,0,29.264134392415613,,0.0,0.0,1.8870804542340807,0.0,0.0,0.0,0.0,0.2146416360924377,0.0,0.0,True
Isaac_Heath,MID,Everton,0,29.264134392415613,summer_transfer,0.0,0.0,0.0,0.0,1.8870804542340807,0.0,0.0,0.0,0.0,0.2146416360924377,True
Harrison_Armstrong,MID,Everton,2,29.264134392415613,,0.0,1.8870804542340807,0.0,0.0,0.0,0.0,0.2146416360924377,0.0,0.0,0.0,True
Callum_Bates,MID,Everton,0,29.264134392415613,,1.8870804542340807,0.0,0.0,0.0,0.0,0.2146416360924377,0.0,0.0,0.0,0.0,True
Sekou_Kone,MID,Man Utd,0,27.377053938181533,summer_transfer,0.0,0.0,0.2146416360924377,0.0,0.0,0.0,0.0,0.0,0.0,0.0,True
Jayce_Fitzgerald,MID,Man Utd,0,27.377053938181533,,0.0,0.0,0.0,0.0,0.2146416360924377,0.0,0.0,0.0,0.0,0.0,True
Jack_Fletcher,MID,Man Utd,0,27.377053938181533,,0.0,0.0,0.0,0.2146416360924377,0.0,0.0,0.0,0.0,0.0,0.0,True
Jack_Moorhouse,MID,Man Utd,0,27.377053938181533,,0.2146416360924377,0.0,0.0,0.0,0.0,0.0,0.0,0.0,0.0,0.0,True
Toby_Collyer,MID,Man Utd,6,27.377053938181533,,0.0,0.2146416360924377,0.0,0.0,0.0,0.0,0.0,0.0,0.0,0.0,True
Mike_Tresor_Ndayishimiye,MID,Burnley,0,27.162412302089095,promoted_team,0.0,0.0,0.0,0.0,0.0,0.0,0.0,0.0,0.0,0.0,True
Darko_Gyabi,MID,Leeds,0,27.162412302089095,promoted_team,0.0,0.0,0.0,0.0,0.0,0.0,0.0,0.0,0.0,0.0,True
Alan_Browne,MID,Sunderland,0,27.162412302089095,promoted_team,0.0,0.0,0.0,0.0,0.0,0.0,0.0,1.150440419565598,0.0,0.0,True
Joe_Gelhardt,MID,Leeds,0,27.162412302089095,promoted_team,0.0,0.0,0.0,0.0,0.0,0.0,0.0,0.0,0.0,0.0,True
Charlie_Crew,MID,Leeds,0,27.162412302089095,promoted_team,0.0,0.0,0.0,0.0,0.0,0.0,0.0,0.0,0.0,1.150440419565598,True
Pierre_Ekwah_Elimby,MID,Sunderland,0,27.162412302089095,promoted_team,0.0,0.0,0.0,0.0,0.0,0.0,0.0,0.0,1.150440419565598,0.0,True
Nectarios_Triantis,MID,Sunderland,0,27.162412302089095,promoted_team,0.0,0.0,0.0,0.0,0.0,1.150440419565598,0.0,0.0,0.0,0.0,True
Oluwaseun_Adewumi,MID,Burnley,0,27.162412302089095,promoted_team,0.0,0.0,1.150440419565598,0.0,0.0,0.0,0.0,0.0,0.0,0.0,True
Harrison_Jones,MID,Sunderland,0,27.162412302089095,promoted_team,0.0,1.150440419565598,0.0,0.0,0.0,0.0,0.0,0.0,0.0,0.0,True
Jaydon_Banel,MID,Burnley,0,27.162412302089095,promoted_team,1.150440419565598,0.0,0.0,0.0,0.0,0.0,0.0,0.0,0.0,0.24622473888331342,True
Aaron_Ramsey,MID,Burnley,0,27.162412302089095,promoted_team,0.0,0.0,0.0,0.0,1.150440419565598,0.0,0.0,0.0,0.0,0.0,True
Jay_Matete,MID,Sunderland,0,27.162412302089095,promoted_team,0.0,0.0,0.0,0.0,0.0,0.0,1.150440419565598,0.0,0.0,0.0,True
Abdoullah_Ba,MID,Sunderland,0,27.162412302089095,promoted_team,0.0,0.0,0.0,1.150440419565598,0.0,0.0,0.0,0.0,0.0,0.0,True
Matheus_Franca_de_Oliveira,MID,Crystal Palace,9,26.011971882523497,,0.0,0.0,0.0,0.0,0.24622473888331342,0.0,0.0,0.0,0.8430836570820475,0.0,True
Franco_Umeh_Chibueze,MID,Crystal Palace,0,26.011971882523497,,0.24622473888331342,0.0,0.0,0.0,0.8430836570820475,0.0,0.0,0.0,0.0,0.0,True
David_Ozoh,MID,Crystal Palace,0,26.011971882523497,,0.0,0.0,0.0,0.24622473888331342,0.0,0.0,0.0,0.8430836570820475,0.0,0.0,True
Asher_Agbinone,MID,Crystal Palace,2,26.011971882523497,,0.0,0.0,0.24622473888331342,0.0,0.0,0.0,0.8430836570820475,0.0,0.0,0.0,True
Kaden_Rodney,MID,Crystal Palace,0,26.011971882523497,,0.0,0.24622473888331342,0.0,0.0,0.0,0.8430836570820475,0.0,0.0,0.0,0.0,True
Justin_Devenny,MID,Crystal Palace,34,26.011971882523497,,0.0,0.0,0.0,0.0,0.0,0.0,0.24622473888331342,0.0,0.0,0.0,True
Naouirou_Ahamada,MID,Crystal Palace,0,26.011971882523497,,0.0,0.0,0.0,0.0,0.0,0.0,0.0,0.24622473888331342,0.0,0.0,True
Jesurun_Rak_Sakyi,MID,Crystal Palace,0,26.011971882523497,,0.0,0.0,0.0,0.0,0.0,0.24622473888331342,0.0,0.0,0.0,0.8430836570820475,True
Malcolm_Ebiowei,MID,Crystal Palace,0,26.011971882523497,,0.0,0.0,0.0,0.0,0.0,0.0,0.0,0.0,0.24622473888331342,0.0,True
Lewis_Orford,MID,West Ham,2,25.765747143640183,,0.0,0.0,0.0,0.8430836570820475,0.0,0.0,0.0,0.0,0.0,0.0,True
Andy_Irving,MID,West Ham,9,25.765747143640183,,0.0,0.0,0.8430836570820475,0.0,0.0,0.0,0.0,0.0,0.0,0.08667032722959789,True
George_Earthy,MID,West Ham,0,25.765747143640183,,0.8430836570820475,0.0,0.0,0.0,0.0,0.0,0.0,0.08667032722959789,0.0,0.0,True
Freddie_Potts,MID,West Ham,0,25.765747143640183,,0.0,0.8430836570820475,0.0,0.0,0.0,0.0,0.0,0.0,0.08667032722959789,0.0,True
Harry_Tyrer,GK,Everton,0,25.509840460736143,,2.5490709487737604,0.0,3.424200200444261,0.0,0.0,0.0,0.0,0.1285306672563138,0.0,0.13461671279912935,True
Dominic_Sadi,MID,Bournemouth,0,24.922663486558136,,0.0,0.0,0.0,0.0,0.0,0.0,0.08667032722959789,0.0,0.0,0.0,True
Romain_Faivre,MID,Bournemouth,0,24.922663486558136,,0.0,0.0,0.0,0.08667032722959789,0.0,0.0,0.0,0.6027638220021458,0.0,0.0,True
Ben_Winterburn,MID,Bournemouth,4,24.922663486558136,,0.0,0.08667032722959789,0.0,0.0,0.0,0.6027638220021458,0.0,0.0,0.0,0.4215418285409953,True
Zain_Silcott_Duberry,MID,Bournemouth,1,24.922663486558136,jan_transfer,0.08667032722959789,0.0,0.0,0.0,0.6027638220021458,0.0,0.0,0.0,0.4215418285409953,0.0,True
Eric_da_Silva_Moreira,MID,Nott'm Forest,2,24.922663486558136,,0.0,0.0,0.08667032722959789,0.0,0.0,0.0,0.6027638220021458,0.0,0.0,0.0,True
Hamed_Traore,MID,Bournemouth,0,24.922663486558136,,0.0,0.0,0.0,0.0,0.0,0.08667032722959789,0.0,0.0,0.0,0.6027638220021458,True
Marko_Stamenic,MID,Nott'm Forest,0,24.922663486558136,,0.0,0.0,0.0,0.0,0.08667032722959789,0.0,0.0,0.0,0.6027638220021458,0.0,True
Martial_Godo,MID,Fulham,2,24.835993159328538,,0.6027638220021458,0.0,0.0,0.0,0.4215418285409953,0.0,0.0,0.029548920809389756,0.0,1.0144478763426719,True
Luke_Harris,MID,Fulham,0,24.835993159328538,,0.0,0.0,0.6027638220021458,0.0,0.0,0.0,0.4215418285409953,0.0,0.0,0.029548920809389756,True
Josh_King,MID,Fulham,10,24.835993159328538,,0.0,0.6027638220021458,0.0,0.0,0.0,0.4215418285409953,0.0,0.0,0.029548920809389756,0.0,True
Harrison_Reed,MID,Fulham,10,24.835993159328538,,0.0,0.0,0.0,0.6027638220021458,0.0,0.0,0.0,0.4215418285409953,0.0,0.0,True
Leander_Dendoncker,MID,Aston Villa,0,24.233229337326392,,0.0,0.0,0.4215418285409953,0.0,0.0,0.029548920809389756,0.0,1.0144478763426719,0.0,0.0,True
Ben_Broggio,MID,Aston Villa,0,24.233229337326392,,0.0,0.4215418285409953,0.0,0.0,0.029548920809389756,0.0,1.0144478763426719,0.0,0.0,0.0,True
Kadan_Young,MID,Aston Villa,0,24.233229337326392,,0.4215418285409953,0.0,0.0,0.029548920809389756,0.0,1.0144478763426719,0.0,0.0,0.0,0.5239748337745311,True
Jamaldeen_Jimoh_Aloba,MID,Aston Villa,0,24.233229337326392,,0.0,0.0,0.0,0.4215418285409953,0.0,0.0,0.029548920809389756,0.0,1.0144478763426719,0.0,True
Kaelan_Casey,DEF,West Ham,1,23.99788796151654,,1.8729746024882274,0.0,0.0,0.0,1.5408489606925286,0.0,0.0,0.0,4.656085071597573,0.0,True
Andrey_Nascimento_dos_Santos,MID,Chelsea,0,23.811687508785397,,0.0,0.029548920809389756,0.0,1.0144478763426719,0.0,0.0,0.0,0.5239748337745311,0.0,0.0,True
Kendry_Paez_Andrade,MID,Chelsea,0,23.811687508785397,,0.029548920809389756,0.0,1.0144478763426719,0.0,0.0,0.0,0.5239748337745311,0.0,0.0,0.0,True
Dario_Luis_Essugo,MID,Chelsea,0,23.811687508785397,summer_transfer,0.0,0.0,0.029548920809389756,0.0,1.0144478763426719,0.0,0.0,0.0,0.5239748337745311,0.0,True
Albert_Sambi_Lokonga,MID,Arsenal,0,23.782138587976007,,1.0144478763426719,0.0,0.0,0.0,0.5239748337745311,0.0,0.0,0.0,0.8706561426928943,0.0,True
Ismeal_Kabia,MID,Arsenal,0,23.782138587976007,,0.0,1.0144478763426719,0.0,0.0,0.0,0.5239748337745311,0.0,0.0,0.0,0.8706561426928943,True
Tommy_Setford,GK,Arsenal,0,22.960769511962383,,0.0,3.424200200444261,0.0,0.0,0.0,0.0,0.1285306672563138,0.0,0.13461671279912935,0.0,True
Karl_Hein,GK,Arsenal,0,22.960769511962383,,3.424200200444261,0.0,0.0,0.0,0.0,0.1285306672563138,0.0,0.13461671279912935,0.0,0.0,True
Tawanda_Chirewa,MID,Wolves,0,22.767690711633335,,0.0,0.5239748337745311,0.0,0.0,0.0,0.8706561426928943,0.0,0.0,0.0,0.0,True
Joe_Hodge,MID,Wolves,0,22.767690711633335,,0.0,0.0,0.5239748337745311,0.0,0.0,0.0,0.8706561426928943,0.0,0.0,0.0,True
Enso_Gonzalez_Medina,MID,Wolves,0,22.767690711633335,,0.0,0.0,0.0,0.5239748337745311,0.0,0.0,0.0,0.8706561426928943,0.0,0.0,True
Tom_Edozie,MID,Wolves,0,22.767690711633335,,0.5239748337745311,0.0,0.0,0.0,0.8706561426928943,0.0,0.0,0.0,0.0,0.27577365969267476,True
Garang_Kuol,MID,Newcastle,0,22.243715877858804,,0.0,0.8706561426928943,0.0,0.0,0.0,0.0,0.27577365969267476,0.0,0.0,0.3191088233074595,True
Isaac_Hayden,MID,Newcastle,0,22.243715877858804,,0.0,0.0,0.8706561426928943,0.0,0.0,0.0,0.0,0.27577365969267476,0.0,0.0,True
Joe_White,MID,Newcastle,0,22.243715877858804,,0.0,0.0,0.0,0.8706561426928943,0.0,0.0,0.0,0.0,0.27577365969267476,0.0,True
Lewis_Miley,MID,Newcastle,21,22.243715877858804,,0.8706561426928943,0.0,0.0,0.0,0.0,0.27577365969267476,0.0,0.0,0.3191088233074595,0.0,True
Ki_Jana_Hoever,DEF,Wolves,0,22.124913359028312,,1.5408489606925286,0.0,0.0,0.0,4.656085071597573,0.0,2.650585837731626,0.0,0.0,0.0,True
Bastien_Meupiyou_Menadjou,DEF,Wolves,0,22.124913359028312,,0.0,1.5408489606925286,0.0,0.0,0.0,4.656085071597573,0.0,2.650585837731626,0.0,0.0,True
Pedro_Cardoso_de_Lima,DEF,Wolves,2,22.124913359028312,,0.0,0.0,1.5408489606925286,0.0,0.0,0.0,4.656085071597573,0.0,2.650585837731626,0.0,True
Alfie_Pond,DEF,Wolves,1,22.124913359028312,,0.0,0.0,0.0,1.5408489606925286,0.0,0.0,0.0,4.656085071597573,0.0,2.650585837731626,True
Ryan_Trevitt,MID,Brentford,1,21.37305973516591,,0.0,0.0,0.0,0.27577365969267476,0.0,0.0,0.3191088233074595,0.0,2.2810497971642576,0.0,True
Paris_Maghoma,MID,Brentford,8,21.37305973516591,,0.0,0.0,0.0,0.0,0.27577365969267476,0.0,0.0,0.3191088233074595,0.0,2.2810497971642576,True
Myles_Peart_Harris,MID,Brentford,0,21.37305973516591,,0.0,0.27577365969267476,0.0,0.0,0.3191088233074595,0.0,2.2810497971642576,0.0,0.0,0.0,True
Romelle_Donovan,MID,Brentford,0,21.37305973516591,summer_transfer,0.0,0.0,0.27577365969267476,0.0,0.0,0.3191088233074595,0.0,2.2810497971642576,0.0,0.0,True
Harry_Amass,DEF,Man Utd,4,20.584064398335784,,0.0,0.0,0.0,4.656085071597573,0.0,2.650585837731626,0.0,0.0,0.0,0.46944144310492675,True
Tyler_Fredricson,DEF,Man Utd,2,20.584064398335784,,0.0,0.0,4.656085071597573,0.0,2.650585837731626,0.0,0.0,0.0,0.46944144310492675,0.9436740561412762,True
Ayden_Heaven,DEF,Man Utd,10,20.584064398335784,jan_transfer,4.656085071597573,0.0,2.650585837731626,0.0,0.0,0.0,0.46944144310492675,0.9436740561412762,0.0,0.0,True
Tyrell_Malacia,DEF,Man Utd,2,20.584064398335784,,0.0,4.656085071597573,0.0,2.650585837731626,0.0,0.0,0.0,0.46944144310492675,0.9436740561412762,0.0,True
Callan_McKenna,GK,Bournemouth,0,19.53656931151812,,0.0,0.1285306672563138,0.0,0.13461671279912935,0.0,0.0,0.43147858029237796,0.0,2.12063539125279,0.0,True
Will_Dennis,GK,Bournemouth,0,19.53656931151812,,0.1285306672563138,0.0,0.13461671279912935,0.0,0.0,0.43147858029237796,0.0,2.12063539125279,0.0,0.2999048902646564,True
Matt_Turner,GK,Nott'm Forest,0,19.53656931151812,,0.0,0.0,0.0,0.0,0.1285306672563138,0.0,0.13461671279912935,0.0,0.0,0.43147858029237796,True
Alex_Paulsen,GK,Bournemouth,0,19.53656931151812,,0.0,0.0,0.0,0.1285306672563138,0.0,0.13461671279912935,0.0,0.0,0.43147858029237796,0.0,True
Carlos_Miguel_dos_Santos_Pereira,GK,Nott'm Forest,0,19.53656931151812,,0.0,0.0,0.1285306672563138,0.0,0.13461671279912935,0.0,0.0,0.43147858029237796,0.0,2.12063539125279,True
Mike_Penders,GK,Chelsea,0,19.408038644261808,,0.13461671279912935,0.0,0.0,0.43147858029237796,0.0,2.12063539125279,0.0,0.2999048902646564,0.17746026855127184,0.0,True
Gabriel_Slonina,GK,Chelsea,0,19.408038644261808,,0.0,0.13461671279912935,0.0,0.0,0.43147858029237796,0.0,2.12063539125279,0.0,0.2999048902646564,0.17746026855127184,True
Elyh_Harrison,GK,Man Utd,0,19.27342193146268,,0.0,0.0,0.43147858029237796,0.0,2.12063539125279,0.0,0.2999048902646564,0.17746026855127184,0.0,0.2999048902646564,True
Tom_Heaton,GK,Man Utd,0,19.27342193146268,,0.0,0.43147858029237796,0.0,2.12063539125279,0.0,0.2999048902646564,0.17746026855127184,0.0,0.2999048902646564,0.0,True
Dermot_Mee,GK,Man Utd,0,19.27342193146268,,0.43147858029237796,0.0,2.12063539125279,0.0,0.2999048902646564,0.17746026855127184,0.0,0.2999048902646564,0.0,0.0,True
Walter_Benitez,GK,Crystal Palace,0,18.8419433511703,summer_transfer,0.0,2.12063539125279,0.0,0.2999048902646564,0.17746026855127184,0.0,0.2999048902646564,0.0,0.0,1.7809299680074275,True
Remi_Matthews,GK,Crystal Palace,0,18.8419433511703,,2.12063539125279,0.0,0.2999048902646564,0.17746026855127184,0.0,0.2999048902646564,0.0,0.0,1.7809299680074275,0.0,True
Filip_Marschall,GK,Aston Villa,0,16.72130795991751,,0.0,0.2999048902646564,0.17746026855127184,0.0,0.2999048902646564,0.0,0.0,1.7809299680074275,0.0,0.29381884472184083,True
Joe_Gauci,GK,Aston Villa,0,16.72130795991751,,0.2999048902646564,0.17746026855127184,0.0,0.2999048902646564,0.0,0.0,1.7809299680074275,0.0,0.29381884472184083,0.0,True
Marcus_Bettinelli,GK,Man City,0,16.421403069652854,summer_transfer,0.17746026855127184,0.0,0.2999048902646564,0.0,0.0,1.7809299680074275,0.0,0.29381884472184083,0.0,0.10081687560924024,True
Steven_Benda,GK,Fulham,0,16.243942801101582,,0.0,0.2999048902646564,0.0,0.0,1.7809299680074275,0.0,0.29381884472184083,0.0,0.10081687560924024,0.0,True
Benjamin_Lecomte,GK,Fulham,0,16.243942801101582,summer_transfer,0.2999048902646564,0.0,0.0,1.7809299680074275,0.0,0.29381884472184083,0.0,0.10081687560924024,0.0,0.0,True
Mark_Gillespie,GK,Newcastle,0,15.944037910836926,,0.0,0.0,1.7809299680074275,0.0,0.29381884472184083,0.0,0.10081687560924024,0.0,0.0,0.0,True
Martin_Dubravka,GK,Newcastle,44,15.944037910836926,,0.0,1.7809299680074275,0.0,0.29381884472184083,0.0,0.10081687560924024,0.0,0.0,0.0,0.0,True
Odysseas_Vlachodimos,GK,Newcastle,0,15.944037910836926,,1.7809299680074275,0.0,0.29381884472184083,0.0,0.10081687560924024,0.0,0.0,0.0,0.0,0.0,True
Reece_Welch,DEF,Everton,0,15.92797932673821,,2.650585837731626,0.0,0.0,0.0,0.46944144310492675,0.9436740561412762,0.0,0.0,4.030163147457699,0.0,True
Roman_Dixon,DEF,Everton,0,15.92797932673821,,0.0,2.650585837731626,0.0,0.0,0.0,0.46944144310492675,0.9436740561412762,0.0,0.0,4.030163147457699,True
Wes_Foderingham,GK,West Ham,0,14.163107942829498,,0.29381884472184083,0.0,0.10081687560924024,0.0,0.0,0.0,0.0,0.0,2.8490611887904436,0.0,True
Krisztian_Hegyi,GK,West Ham,0,14.163107942829498,,0.0,0.29381884472184083,0.0,0.10081687560924024,0.0,0.0,0.0,0.0,0.0,2.8490611887904436,True
Armin_Pecsi,GK,Liverpool,0,13.869289098107657,summer_transfer,0.0,0.10081687560924024,0.0,0.0,0.0,0.0,0.0,2.8490611887904436,0.0,0.0,True
Freddie_Woodman,GK,Liverpool,0,13.869289098107657,summer_transfer,0.10081687560924024,0.0,0.0,0.0,0.0,0.0,2.8490611887904436,0.0,0.0,0.0,True
Vaclav_Hladky,GK,Burnley,0,13.768472222498417,promoted_team,0.0,0.0,0.0,0.0,0.0,2.8490611887904436,0.0,0.0,0.0,1.126104540640256,True
Etienne_Green,GK,Burnley,0,13.768472222498417,promoted_team,0.0,0.0,0.0,0.0,2.8490611887904436,0.0,0.0,0.0,1.126104540640256,0.0,True
Alex_Cairns,GK,Leeds,0,13.768472222498417,promoted_team,0.0,0.0,0.0,2.8490611887904436,0.0,0.0,0.0,1.126104540640256,0.0,0.0,True
Simon_Moore,GK,Sunderland,0,13.768472222498417,promoted_team,0.0,0.0,2.8490611887904436,0.0,0.0,0.0,1.126104540640256,0.0,0.0,1.9951477467678842,True
Karl_Darlow,GK,Leeds,0,13.768472222498417,promoted_team,2.8490611887904436,0.0,0.0,0.0,1.126104540640256,0.0,0.0,1.9951477467678842,0.0,0.7772700490806415,True
Blondy_Nna_Noukeu,GK,Sunderland,0,13.768472222498417,promoted_team,0.0,2.8490611887904436,0.0,0.0,0.0,1.126104540640256,0.0,0.0,1.9951477467678842,0.0,True
Caleb_Kporha,DEF,Crystal Palace,2,13.277393489006585,,0.0,0.0,0.0,0.46944144310492675,0.9436740561412762,0.0,0.0,4.030163147457699,0.0,0.0,True
Rob_Holding,DEF,Crystal Palace,0,13.277393489006585,,0.0,0.0,0.46944144310492675,0.9436740561412762,0.0,0.0,4.030163147457699,0.0,0.0,0.0,True
Nathaniel_Clyne,DEF,Crystal Palace,18,13.277393489006585,,0.46944144310492675,0.9436740561412762,0.0,0.0,4.030163147457699,0.0,0.0,0.0,0.0,1.2518438482797762,True
Chadi_Riad_Dnanou,DEF,Crystal Palace,1,13.277393489006585,,0.0,0.46944144310492675,0.9436740561412762,0.0,0.0,4.030163147457699,0.0,0.0,0.0,0.0,True
Samuel_Amissah,DEF,Fulham,0,12.807952045901658,,0.9436740561412762,0.0,0.0,4.030163147457699,0.0,0.0,0.0,0.0,1.2518438482797762,0.0,True
Luka_Vuskovic,DEF,Spurs,0,11.864277989760382,summer_transfer,0.0,0.0,4.030163147457699,0.0,0.0,0.0,0.0,1.2518438482797762,0.0,0.0,True
Takai_Kota,DEF,Spurs,0,11.864277989760382,summer_transfer,4.030163147457699,0.0,0.0,0.0,0.0,1.2518438482797762,0.0,0.0,1.2422615084169024,0.0,True
Ashley_Phillips,DEF,Spurs,0,11.864277989760382,,0.0,4.030163147457699,0.0,0.0,0.0,0.0,1.2518438482797762,0.0,0.0,1.2422615084169024,True
Matthew_Cox,GK,Brentford,0,10.919411033707974,,0.0,0.0,0.0,1.126104540640256,0.0,0.0,1.9951477467678842,0.0,0.7772700490806415,0.0,True
Lamare_Bogarde,DEF,Aston Villa,6,7.834114842302682,,0.0,1.2518438482797762,0.0,0.0,1.2422615084169024,0.0,0.0,0.0,0.0,0.611548414345549,True
Andres_Garcia,DEF,Aston Villa,8,7.834114842302682,jan_transfer,1.2518438482797762,0.0,0.0,1.2422615084169024,0.0,0.0,0.0,0.0,0.611548414345549,0.0,True
Lino_da_Cruz_Sousa,DEF,Aston Villa,0,7.834114842302682,,0.0,0.0,1.2518438482797762,0.0,0.0,1.2422615084169024,0.0,0.0,0.0,0.0,True
Yasin_Ozcan,DEF,Aston Villa,0,7.834114842302682,summer_transfer,0.0,0.0,0.0,0.0,1.2518438482797762,0.0,0.0,1.2422615084169024,0.0,0.0,True
Alex_Moreno_Lopera,DEF,Aston Villa,34,7.834114842302682,,0.0,0.0,0.0,1.2518438482797762,0.0,0.0,1.2422615084169024,0.0,0.0,0.0,True
Charlie_Tasker,DEF,Brighton,0,6.582270994022906,,0.0,1.2422615084169024,0.0,0.0,0.0,0.0,0.611548414345549,0.0,0.0,0.0,True
Jacob_Slater,DEF,Brighton,0,6.582270994022906,,1.2422615084169024,0.0,0.0,0.0,0.0,0.611548414345549,0.0,0.0,0.0,0.0,True
Eiran_Cashin,DEF,Brighton,1,6.582270994022906,jan_transfer,0.0,0.0,1.2422615084169024,0.0,0.0,0.0,0.0,0.611548414345549,0.0,0.0,True
Aaron_Hickey,DEF,Brentford,0,5.340009485606004,,0.0,0.0,0.0,0.611548414345549,0.0,0.0,0.0,0.0,0.0,0.0,True
Benjamin_Fredrick,DEF,Brentford,0,5.340009485606004,,0.611548414345549,0.0,0.0,0.0,0.0,0.0,0.0,0.0,6.529059674085829,0.0,True
Benjamin_Arthur,DEF,Brentford,0,5.340009485606004,,0.0,0.0,0.0,0.0,0.611548414345549,0.0,0.0,0.0,0.0,0.0,True
Kim_Ji_soo,DEF,Brentford,3,5.340009485606004,,0.0,0.611548414345549,0.0,0.0,0.0,0.0,0.0,0.0,0.0,6.529059674085829,True
Jayden_Meghoma,DEF,Brentford,1,5.340009485606004,,0.0,0.0,0.611548414345549,0.0,0.0,0.0,0.0,0.0,0.0,0.0,True
Zach_Abbott,DEF,Nott'm Forest,0,4.728461071260455,,0.0,0.0,0.0,6.529059674085829,0.0,0.6259219241398739,0.0,0.0,0.0,8.852311039953179,True
Owen_Bevan,DEF,Bournemouth,0,4.728461071260455,,0.0,0.0,6.529059674085829,0.0,0.6259219241398739,0.0,0.0,0.0,8.852311039953179,0.0,True
Julio_Soler_Barreto,DEF,Bournemouth,3,4.728461071260455,jan_transfer,0.0,6.529059674085829,0.0,0.6259219241398739,0.0,0.0,0.0,8.852311039953179,0.0,0.0,True
Willy_Boly,DEF,Nott'm Forest,6,4.728461071260455,,6.529059674085829,0.0,0.6259219241398739,0.0,0.0,0.0,8.852311039953179,0.0,0.0,8.871475719678926,True
Matai_Akinmboni,DEF,Bournemouth,0,4.728461071260455,jan_transfer,0.0,0.0,0.0,0.0,0.0,0.0,6.529059674085829,0.0,0.6259219241398739,0.0,True
Julian_Araujo_Zuniga,DEF,Bournemouth,12,4.728461071260455,,0.0,0.0,0.0,0.0,0.0,0.0,0.0,6.529059674085829,0.0,0.6259219241398739,True
James_Hill,DEF,Bournemouth,17,4.728461071260455,,0.0,0.0,0.0,0.0,0.0,6.529059674085829,0.0,0.6259219241398739,0.0,0.0,True
Chris_Mepham,DEF,Bournemouth,0,4.728461071260455,,0.0,0.0,0.0,0.0,6.529059674085829,0.0,0.6259219241398739,0.0,0.0,0.0,True
Josh_Acheampong,DEF,Chelsea,4,-1.8005986028253744,,0.0,0.6259219241398739,0.0,0.0,0.0,8.852311039953179,0.0,0.0,8.871475719678926,0.0,True
Aaron_Anselmino,DEF,Chelsea,0,-1.8005986028253744,,0.6259219241398739,0.0,0.0,0.0,8.852311039953179,0.0,0.0,8.871475719678926,0.0,0.0,True
