full_name,position,team,ewma_total_points,predicted_points,owner
aaron_anselmino,DEF,Chelsea,-0.6793383793149266,0.6712149649649168,
aaron_hickey,DEF,Brentford,0.07621386249931998,1.3136265050226175,
aaron_ramsdale,GK,Newcastle,-0.6793383793149266,0.716500977353379,
aaron_ramsey,MID,Burnley,-0.6793383793149266,0.6291468046619543,
aaron_wan_bissaka,DEF,West Ham,0.22732431086216928,1.8378030249013748,
abdallah_sima,MID,Brighton,-0.6793383793149266,0.8307142437440476,
abdoullah_ba,MID,Sunderland,-0.6793383793149266,0.608990060753745,
abdukodir_khusanov,DEF,Man City,1.1339870010392652,2.66757847999513,
adam_aznou,DEF,Everton,-0.6793383793149266,0.6459728900365695,
adam_smith,DEF,Bournemouth,-0.5282279309520772,1.1755753537692812,
adam_webster,DEF,Brighton,-0.6793383793149266,0.6670780235463178,
adam_wharton,MID,Crystal Palace,0.3784347592250186,3.303467886872288,
adama_traore_diarra,MID,Fulham,-0.37711748258922795,0.8927700000834741,
adrian_mazilu,MID,Brighton,-0.6793383793149266,0.6493035485701636,
adrien_truffert,DEF,Bournemouth,0.6806556559507172,2.62984615963982,
ahmed_abdullahi,FWD,Sunderland,-0.6793383793149266,0.6884500294989568,
airidas_golambeckis,DEF,West Ham,-0.6793383793149266,0.648041360745869,
aji_alese,DEF,Sunderland,-0.6793383793149266,0.6016941523077735,
alan_browne,MID,Sunderland,-0.6793383793149266,0.6493035485701636,
albert_sambi_lokonga,MID,Arsenal,-0.6793383793149266,0.6493035485701636,
alejandro_garnacho_ferreyra,MID,Chelsea,-0.5282279309520772,1.4802975683419253,
alex_cairns,GK,Leeds,-0.6793383793149266,0.6314415021685764,
alex_iwobi,MID,Fulham,-0.37711748258922795,1.5024156597664153,
alex_jimenez_sanchez,DEF,Bournemouth,0.8317661043135666,2.736679302630817,
alex_moreno_lopera,DEF,Aston Villa,-0.6793383793149266,0.6655296697183887,
alex_murphy,DEF,Newcastle,-0.6793383793149266,0.6472671838319043,
alex_paulsen,GK,Bournemouth,-0.6793383793149266,0.6826523908080291,
alex_scott,MID,Bournemouth,1.5873183461278129,3.1782830705892966,
alex_toth,MID,Bournemouth,-0.07489658586352933,1.0218715118447081,
alexander_isak,FWD,Liverpool,-0.6793383793149266,1.7654695773320794,
alexis_mac_allister,MID,Liverpool,0.22732431086216928,2.8448926397714094,
alfie_mcnally,GK,Fulham,-0.6793383793149266,0.6858074544975573,
alfie_pond,DEF,Wolves,-0.6793383793149266,0.6114725421486829,
alisson_becker,GK,Liverpool,1.4362078977649637,3.485967845125664,87737.0
alphonse_areola,GK,West Ham,0.6806556559507172,3.255676314376248,
altay_bayindir,GK,Man Utd,-0.6793383793149266,0.6900396022837308,
alysson_edward_franco_da_rocha_dos_santos,MID,Aston Villa,-0.6793383793149266,0.7962718207666725,
amad_diallo,MID,Man Utd,0.07621386249931998,2.1424629129779658,85646.0
amadou_onana,MID,Aston Villa,0.07621386249931998,1.3405381227581235,
amara_nallo,DEF,Liverpool,-0.6793383793149266,0.5727303468318574,
amine_adli,MID,Bournemouth,1.8895392428535116,2.6751187783541344,
andre_harriman_annous,MID,Arsenal,-0.6793383793149266,0.7155787453699278,
andre_onana,GK,Man Utd,-0.6793383793149266,0.7100436326566263,
andre_trindade_da_costa_neto,MID,Wolves,0.07621386249931998,2.2995059965160873,
andreas_hoelgebaum_pereira,MID,Fulham,-0.6793383793149266,0.8105574998358382,
andres_garcia,DEF,Aston Villa,-0.5282279309520772,0.7044428039156009,
andrew_moran,MID,Brighton,-0.6793383793149266,0.6493035485701636,
andrew_robertson,DEF,Liverpool,-0.37711748258922795,1.2441929796853608,
andrey_nascimento_dos_santos,MID,Chelsea,0.22732431086216928,1.7749543178555578,
andy_irving,MID,West Ham,-0.6793383793149266,0.608990060753745,
angus_gunn,GK,Nott'm Forest,-0.6793383793149266,0.6611123247643231,
anthony_elanga,MID,Newcastle,-0.37711748258922795,1.3891299053738404,
anthony_gordon,MID,Newcastle,0.5295452075878679,3.866793636775638,94654.0
anthony_patterson,GK,Sunderland,-0.6793383793149266,0.607773406189096,
antoine_semenyo,MID,Man City,1.8895392428535116,4.475915507167297,87737.0
anton_stach,MID,Leeds,1.4362078977649637,3.3992525750030635,
antonee_robinson,DEF,Fulham,0.22732431086216928,2.5846974507025884,
antoni_milambo,MID,Brentford,-0.6793383793149266,0.7904007559276289,
antonin_kinsky,GK,Spurs,-0.6793383793149266,0.5661591627791666,
antonito_cordero_campillo,MID,Newcastle,-0.6793383793149266,0.7299305242030009,
antony_dos_santos,MID,Man Utd,-0.6793383793149266,0.9314979632850943,
archie_gray,MID,Spurs,0.07621386249931998,1.7888154903410247,
armando_broja,FWD,Burnley,0.5295452075878679,3.0603210442703968,
armin_pecsi,GK,Liverpool,-0.6793383793149266,0.5976686566752752,
arnaud_kalimuendo,FWD,Nott'm Forest,-0.5282279309520772,1.120524127796998,
arthur_masuaku,DEF,Sunderland,-0.6793383793149266,0.5911415855528992,
asher_agbinone,MID,Crystal Palace,-0.6793383793149266,0.608990060753745,
ashley_barnes,FWD,Burnley,-0.8304488276777758,0.7495524770652605,
ashley_phillips,DEF,Spurs,-0.6793383793149266,0.5667175343627343,
axel_tuanzebe,DEF,Burnley,0.9828765526764158,1.7032196028262783,
ayden_heaven,DEF,Man Utd,0.07621386249931998,1.6614223273728683,
bafode_diakite,DEF,Bournemouth,-0.37711748258922795,0.8317214096715208,
bart_verbruggen,GK,Brighton,1.2850974494021143,3.5621076457003564,88376.0
bashir_humphreys,DEF,Burnley,1.2850974494021143,2.8259987857264957,
bastien_meupiyou_menadjou,DEF,Wolves,-0.6793383793149266,0.6220251089035571,
ben_broggio,MID,Aston Villa,-0.6793383793149266,0.6341859906390066,
ben_casey,FWD,Crystal Palace,-0.6793383793149266,0.7060028395215476,
ben_davies,DEF,Spurs,0.6806556559507172,1.561664350381832,
ben_gannon_doak,MID,Bournemouth,-0.6793383793149266,0.7097737802947915,
ben_winterburn,MID,Bournemouth,-0.6793383793149266,0.6493035485701636,
bendito_mantato,MID,Man Utd,-0.6793383793149266,0.6350406720148003,
benjamin_arthur,DEF,Brentford,-0.6793383793149266,0.6403314416142589,
benjamin_fredrick,DEF,Brentford,-0.6793383793149266,0.6508840083691332,
benjamin_lecomte,GK,Fulham,-0.6793383793149266,0.6687339929801267,
benjamin_sesko,FWD,Man Utd,1.7384287944906622,3.324188913921304,
benjamin_white,DEF,Arsenal,0.3784347592250186,1.6508096388351299,
benoit_badiashile_mukinayi,DEF,Chelsea,0.22732431086216928,1.6879467209827106,
bernardo_mota_veiga_de_carvalho_e_silva,MID,Man City,0.9828765526764158,3.6281661927530076,
bernd_leno,GK,Fulham,0.8317661043135666,3.4992280729833087,
bertrand_traore,MID,Sunderland,-0.6793383793149266,0.8508709876522569,
blondy_nna_noukeu,GK,Sunderland,-0.6793383793149266,0.6051397581316431,
borna_sosa,DEF,Crystal Palace,-0.37711748258922795,0.828360701540331,
boubacar_kamara,MID,Aston Villa,0.3784347592250186,2.1141594138464566,
boubacar_traore,MID,Wolves,-0.6793383793149266,0.7500872681112103,
bradley_burrowes,MID,Aston Villa,-0.6793383793149266,0.6291468046619543,
braiden_graham,FWD,Everton,-0.6793383793149266,0.7200597693768586,
brajan_gruda,MID,Brighton,0.22732431086216928,2.225776171263424,
brandon_austin,GK,Spurs,-0.6793383793149266,0.5661591627791666,
brayden_clarke,DEF,Arsenal,-0.6793383793149266,0.6744003361813639,
brenden_aaronson,MID,Leeds,3.551754174844854,4.641168929678543,88376.0
brennan_johnson,MID,Crystal Palace,0.3784347592250186,3.459287867519201,
brian_brobbey,FWD,Sunderland,3.400643726482005,4.73899320851327,94654.0
bruno_borges_fernandes,MID,Man Utd,2.6450914846677582,4.654432503003304,87737.0
bruno_guimaraes_rodriguez_moura,MID,Newcastle,2.947312381393457,5.039691557372742,93330.0
bryan_gil_salvatierra,MID,Spurs,-0.6793383793149266,0.7299305242030009,
bryan_mbeumo,MID,Man Utd,2.1917601395792103,3.2906973253698153,93330.0
bukayo_saka,MID,Arsenal,0.8317661043135666,4.874103268165148,87737.0
caleb_kporha,DEF,Crystal Palace,-0.6793383793149266,0.5350159872738943,
callan_mckenna,GK,Bournemouth,-0.6793383793149266,0.6630873017780425,
callum_bates,MID,Everton,-0.6793383793149266,0.608990060753745,
callum_hudson_odoi,MID,Nott'm Forest,0.5295452075878679,2.9129982798836154,
callum_marshall,FWD,West Ham,-0.6793383793149266,0.6694695037349774,
callum_olusesi,MID,Spurs,-0.6793383793149266,0.608990060753745,
callum_wilson,FWD,West Ham,0.6806556559507172,2.2724255763232226,
calvin_bassey,DEF,Fulham,-0.6793383793149266,0.7105825843611493,
calvin_ramsay,DEF,Liverpool,-0.6793383793149266,0.5832829135867316,
caoimhin_kelleher,GK,Brentford,1.8895392428535116,2.9361995144431483,85646.0
carl_rushworth,GK,Brighton,-0.6793383793149266,0.6300489027341625,
carlos_alcaraz_duran,MID,Everton,-0.6793383793149266,0.7904007559276289,
carlos_baleba,MID,Brighton,0.07621386249931998,1.2967335560065263,
carlos_henrique_casimiro,MID,Man Utd,1.7384287944906622,4.20106126738556,
carlos_miguel_dos_santos_pereira,GK,Nott'm Forest,-0.6793383793149266,0.6735704623271024,
chadi_riad_dnanou,DEF,Crystal Palace,-0.07489658586352933,0.8048726679095082,
charalampos_kostoulas,FWD,Brighton,1.2850974494021143,2.131873463890702,
charlie_crew,MID,Leeds,-0.6793383793149266,0.6493035485701636,
charlie_gray,MID,Man City,-0.6793383793149266,0.6900546244426302,
charlie_stevens,MID,Bournemouth,-0.6793383793149266,0.6819044092681369,
charlie_tasker,DEF,Brighton,-0.6793383793149266,0.5936715211364599,
cheick_doucoure,MID,Crystal Palace,-0.6793383793149266,0.7299305242030009,
chemsdine_talbi,MID,Sunderland,-0.5282279309520772,1.0167156455924906,
chido_obi,FWD,Man Utd,-0.6793383793149266,0.6207991157031778,
chris_mepham,DEF,Bournemouth,-0.6793383793149266,0.676900260211445,
chris_richards,DEF,Crystal Palace,0.6806556559507172,1.7374342930023898,
chris_rigg,MID,Sunderland,-0.37711748258922795,1.1246689223464923,
chris_wood,FWD,Nott'm Forest,-0.6793383793149266,1.2413736622061762,
christantus_uche,FWD,Crystal Palace,-0.37711748258922795,1.2283996201670049,
christian_norgaard,MID,Arsenal,-0.6793383793149266,0.8578588251452228,
christopher_nkunku,MID,Chelsea,-0.6793383793149266,0.9314979632850943,
claudio_echeverri,MID,Man City,-0.6793383793149266,0.8307142437440476,
coby_ebere,MID,Everton,-0.6793383793149266,0.6291468046619543,
cody_gakpo,MID,Liverpool,1.2850974494021143,4.540393995294747,85646.0
cole_palmer,MID,Chelsea,1.1339870010392652,4.010181715837058,94654.0
connor_roberts,DEF,Burnley,-0.6793383793149266,0.6264161103547505,
conor_bradley,DEF,Liverpool,1.4362078977649637,2.092205363899032,
conor_gallagher,MID,Spurs,0.5295452075878679,3.872696285726419,
cristhian_mosquera,DEF,Arsenal,-0.6793383793149266,0.7822333281014113,
cristian_romero,DEF,Spurs,2.947312381393457,3.543556826858203,94654.0
crysencio_summerville,MID,West Ham,2.947312381393457,4.402329378277177,
curtis_jones,MID,Liverpool,0.5295452075878679,2.880046145288765,
daichi_kamada,MID,Crystal Palace,-0.6793383793149266,0.7500872681112103,
dan_burn,DEF,Newcastle,-0.6793383793149266,0.7738979848903942,
dan_ndoye,MID,Nott'm Forest,-0.5282279309520772,0.9327926155565144,
dan_neil,MID,Sunderland,-0.5282279309520772,0.7924602937348343,
dane_scarlett,FWD,Spurs,-0.37711748258922795,0.8380622429754331,
dango_ouattara,MID,Brentford,-0.37711748258922795,1.8883426510503294,
daniel_adu_adjei,FWD,Bournemouth,-0.6793383793149266,0.7017931014835734,
daniel_ballard,DEF,Sunderland,0.5295452075878679,2.3081415847611284,94654.0
daniel_bentley,GK,Wolves,-0.6793383793149266,0.6206714691467234,
daniel_james,MID,Leeds,-0.6793383793149266,0.7904007559276289,
daniel_munoz_mejia,DEF,Crystal Palace,-0.5282279309520772,1.0663139488524784,87737.0
danny_imray,DEF,Crystal Palace,-0.6793383793149266,0.5915261578053271,
danny_welbeck,FWD,Brighton,0.07621386249931998,2.6021965783768364,85076.0
dario_luis_essugo,MID,Chelsea,-0.6793383793149266,0.608990060753745,
darko_churlinov,MID,Burnley,-0.6793383793149266,0.7299305242030009,
darko_gyabi,MID,Leeds,-0.6793383793149266,0.6493035485701636,
darwin_nunez_ribeiro,FWD,Liverpool,-0.6793383793149266,1.0713361973872484,
david_brooks,MID,Bournemouth,0.22732431086216928,1.6276326353522608,
david_moller_wolfe,DEF,Wolves,-0.5282279309520772,0.7431792720879038,
david_mota_veiga_teixeira_do_carmo,DEF,Nott'm Forest,-0.6793383793149266,0.7182925034927594,
david_ozoh,MID,Crystal Palace,-0.6793383793149266,0.6493035485701636,
david_raya_martin,GK,Arsenal,1.4362078977649637,3.570648406409254,85646.0
dean_benamar,DEF,Crystal Palace,-0.6793383793149266,0.5350159872738943,
dean_henderson,GK,Crystal Palace,1.1339870010392652,3.5028938875911786,93330.0
declan_rice,MID,Arsenal,2.947312381393457,5.303251904388663,94654.0
dejan_kulusevski,MID,Spurs,-0.6793383793149266,1.032281682826141,
dennis_cirkin,DEF,Sunderland,-0.22600703422637863,1.3291061617941753,
dermot_mee,GK,Man Utd,-0.6793383793149266,0.6825775994542809,
destiny_udogie,DEF,Spurs,-0.5282279309520772,0.7955286710158487,
diego_coppola,DEF,Brighton,-0.6793383793149266,0.6883555179351442,
diego_gomez_amarilla,MID,Brighton,0.6806556559507172,2.896185453522862,
diego_leon_blanco,DEF,Man Utd,-0.6793383793149266,0.6852203970518739,
dilane_bakwa,MID,Nott'm Forest,0.07621386249931998,1.8913882702959943,
diogo_dalot_teixeira,DEF,Man Utd,0.6806556559507172,2.8923475517947663,
divine_mukasa,MID,Man City,-0.5282279309520772,0.8214639422444023,
djed_spence,DEF,Spurs,-0.07489658586352933,2.426680747652057,
djiamgone_jocelin_ta_bi,MID,Sunderland,-0.6793383793149266,0.7500872681112103,
dominic_calvert_lewin,FWD,Leeds,1.4362078977649637,4.002810591588258,85646.0
dominic_sadi,MID,Bournemouth,-0.6793383793149266,0.6493035485701636,
dominic_solanke_mitchell,FWD,Spurs,-0.22600703422637863,2.1230847680256653,
dominik_szoboszlai,MID,Liverpool,2.0406496912163608,4.413499672759671,
donyell_malen,MID,Aston Villa,-0.37711748258922795,0.9829853962407166,
dorde_petrovic,GK,Bournemouth,0.07621386249931998,3.16765516058431,
douglas_luiz_soares_de_paulo,MID,Nott'm Forest,-0.5282279309520772,0.7924974454162701,
dwight_mcneil,MID,Everton,0.6806556559507172,2.8393498670964483,
eberechi_eze,MID,Arsenal,-0.37711748258922795,1.769272721492894,
eddie_nketiah,FWD,Crystal Palace,-0.6793383793149266,0.8825643386165188,
ederson_santana_de_moraes,GK,Man City,-0.6793383793149266,0.6391908955295601,
edson_alvarez_velazquez,MID,West Ham,-0.6793383793149266,0.7299305242030009,
eiran_cashin,DEF,Brighton,-0.6793383793149266,0.6248677565268212,
el_hadji_malick_diouf,DEF,West Ham,-0.5282279309520772,0.7914245672427606,
eliezer_mayenda_dossou,FWD,Sunderland,0.22732431086216928,2.4142587651415743,
elijah_campbell,DEF,Everton,-0.6793383793149266,0.614315189771947,
ellery_balcombe,GK,Brentford,-0.6793383793149266,0.6554727640852781,
elliot_anderson,MID,Nott'm Forest,2.4939810363049086,3.4869866183611924,
elyh_harrison,GK,Man Utd,-0.6793383793149266,0.7021426884842674,
emerson_palmieri_dos_santos,DEF,West Ham,-0.6793383793149266,0.6902516277653656,
emil_krafth,DEF,Newcastle,-0.6793383793149266,0.7000300176062751,
emile_smith_rowe,MID,Fulham,1.1339870010392652,2.8998971581182147,
emiliano_buendia_stati,MID,Aston Villa,1.7384287944906622,3.2222073662457307,87737.0
emiliano_martinez_romero,GK,Aston Villa,1.7384287944906622,3.4354587361089672,87737.0
emmanuel_agbadou,DEF,Wolves,-0.6793383793149266,0.6356772822214111,
endo_wataru,MID,Liverpool,-0.5282279309520772,1.0367849209614792,
enes_unal,FWD,Bournemouth,-0.22600703422637863,1.2736867609971336,
enock_agyei,MID,Burnley,-0.6793383793149266,0.6794292674184657,
enso_gonzalez_medina,MID,Wolves,-0.6793383793149266,0.5988022917856284,
enzo_barrenechea,MID,Aston Villa,-0.6793383793149266,0.7500872681112103,
enzo_fernandez,MID,Chelsea,3.2495332781191553,5.177762512503559,85076.0
enzo_le_fee,MID,Sunderland,1.4362078977649637,3.7593569949150467,
eric_da_silva_moreira,MID,Nott'm Forest,-0.6793383793149266,0.6493035485701636,
erling_haaland,FWD,Man City,0.9828765526764158,5.148112131673425,88376.0
estevao_almeida_de_oliveira_goncalves,MID,Chelsea,1.4362078977649637,2.5222200721035453,85646.0
ethan_ampadu,MID,Leeds,1.4362078977649637,2.881211904823095,
ethan_nwaneri,MID,Arsenal,-0.6793383793149266,0.8010261129517936,
ethan_pinnock,DEF,Brentford,-0.6793383793149266,0.6719891418788815,
ethan_sutherland,MID,Wolves,-0.6793383793149266,0.639115779602047,
ethan_wheatley,FWD,Man Utd,-0.6793383793149266,0.6857336927625379,
etienne_green,GK,Burnley,-0.6793383793149266,0.5865273431412226,
evan_ferguson,FWD,Brighton,-0.6793383793149266,0.9027264483097088,
evann_guessand,MID,Aston Villa,-0.37711748258922795,1.6160341566732432,
ezra_mayers,DEF,West Ham,-0.37711748258922795,1.1426647481020313,
ezri_konsa_ngoyo,DEF,Aston Villa,1.8895392428535116,3.035746888024457,
fabian_schar,DEF,Newcastle,0.9828765526764158,2.020068834249604,
fabio_ferreira_vieira,MID,Arsenal,-0.6793383793149266,0.8307142437440476,
fabio_freitas_gouveia_carvalho,MID,Brentford,-0.6793383793149266,0.6896170363865822,
fabio_soares_silva,FWD,Wolves,-0.6793383793149266,0.7790695110946877,
facundo_buonanotte,MID,Leeds,-0.6793383793149266,0.7212226760381033,
federico_chiesa,MID,Liverpool,-0.37711748258922795,1.1920901293794122,
felipe_rodrigues_da_silva,DEF,Nott'm Forest,-0.37711748258922795,0.7866276418514926,
fer_lopez_gonzalez,MID,Wolves,-0.6793383793149266,0.8118497692676799,
ferdi_kadioglu,DEF,Brighton,1.4362078977649637,3.3544254306137313,88376.0
filip_jorgensen,GK,Chelsea,-0.37711748258922795,1.3491248927290247,
filip_marschall,GK,Aston Villa,-0.6793383793149266,0.6735704623271024,
florentino_ibrain_morris_luis,MID,Burnley,1.7384287944906622,2.85810123401815,
florian_wirtz,MID,Liverpool,3.098422829756306,5.7351754962000765,85076.0
francisco_evanilson_de_lima_barbosa,FWD,Bournemouth,2.7962019330306074,4.4608295413456975,85076.0
franco_umeh_chibueze,MID,Crystal Palace,-0.6793383793149266,0.6493035485701636,
frank_onyeka,MID,Brentford,-0.6793383793149266,0.7097737802947915,
fraser_forster,GK,Bournemouth,-0.6793383793149266,0.6801607632954733,
freddie_potts,MID,West Ham,-0.22600703422637863,1.3594649498304583,
freddie_simmonds,DEF,Brighton,-0.6793383793149266,0.6147766546462083,
freddie_woodman,GK,Liverpool,-0.6793383793149266,0.598107598018184,
gabriel_dos_santos_magalhaes,DEF,Arsenal,2.947312381393457,3.7454963922492412,87737.0
gabriel_fernando_de_jesus,FWD,Arsenal,-0.07489658586352933,2.2412006879622797,
gabriel_gudmundsson,DEF,Leeds,0.5295452075878679,2.2182452042196776,
gabriel_martinelli_silva,MID,Arsenal,0.22732431086216928,2.507913377125347,
gabriel_slonina,GK,Chelsea,-0.6793383793149266,0.6710044751003584,
garang_kuol,MID,Newcastle,-0.6793383793149266,0.6291468046619543,
george_brierley,MID,Burnley,-0.6793383793149266,0.663566425125527,
george_earthy,MID,West Ham,-0.6793383793149266,0.6574537637446569,
george_hemmings,MID,Aston Villa,-0.5282279309520772,0.7788726707743787,
george_king,DEF,Crystal Palace,-0.6793383793149266,0.5726894342948495,
georginio_rutter,MID,Brighton,1.1339870010392652,2.5127330340118035,
gianluigi_donnarumma,GK,Man City,1.2850974494021143,3.805031727855762,85076.0
giorgi_mamardashvili,GK,Liverpool,-0.6793383793149266,0.600741246075637,
giovanni_leoni,DEF,Liverpool,-0.6793383793149266,0.6791789441291213,
godwill_kukonki,DEF,Man Utd,-0.6793383793149266,0.692370348807842,
goncalo_manuel_ganchinho_guedes,MID,Wolves,-0.6793383793149266,0.8508709876522569,
granit_xhaka,MID,Sunderland,0.5295452075878679,2.627383214486236,
guglielmo_vicario,GK,Spurs,0.07621386249931998,3.1803312449884076,
guido_rodriguez,MID,West Ham,-0.5282279309520772,0.8036177562594048,
gustavo_nunes_fernandes_gomes,MID,Brentford,-0.6793383793149266,0.7299305242030009,
habib_diarra,MID,Sunderland,-0.6793383793149266,1.0162755845350442,
hakon_rafn_valdimarsson,GK,Brentford,-0.6793383793149266,0.6554727640852781,
hamed_traore,MID,Bournemouth,-0.6793383793149266,0.6493035485701636,
hannes_delcroix,DEF,Burnley,-0.6793383793149266,0.5631007098255055,
hannibal_mejbri,MID,Burnley,-0.37711748258922795,1.134325409192954,
harrison_armstrong,MID,Everton,0.6806556559507172,2.1877242517037363,
harrison_ashby,DEF,Newcastle,-0.6793383793149266,0.6578197505867784,
harrison_jones,MID,Sunderland,-0.6793383793149266,0.608990060753745,
harrison_reed,MID,Fulham,0.6806556559507172,1.0708662192456169,
harry_amass,DEF,Man Utd,-0.6793383793149266,0.6943885691839645,
harry_gray,FWD,Leeds,-0.6793383793149266,0.7200597693768586,
harry_howell,MID,Brighton,-0.6793383793149266,0.668320717310648,
harry_maguire,DEF,Man Utd,0.6806556559507172,1.7445945048619813,85646.0
harry_tyrer,GK,Everton,-0.6793383793149266,0.6291710200483448,
harry_wilson,MID,Fulham,3.400643726482005,4.938815227599596,85646.0
harvey_barnes,MID,Newcastle,2.4939810363049086,4.528942892532942,94654.0
harvey_elliott,MID,Aston Villa,-0.6793383793149266,0.7702440120194196,
hjalmar_ekdal,DEF,Burnley,-0.37711748258922795,1.2732713677313832,
hugo_bueno_lopez,DEF,Wolves,2.3428705879420595,3.6435474977649944,88376.0
hugo_ekitike,FWD,Liverpool,-0.22600703422637863,2.905395505295248,85646.0
hwang_hee_chan,MID,Wolves,1.8895392428535116,3.4459946161570247,
ian_maatsen,DEF,Aston Villa,0.8317661043135666,2.4192078278783957,
ian_poveda_ocampo,MID,Sunderland,-0.6793383793149266,0.7097737802947915,
ibrahim_sangare,MID,Nott'm Forest,0.5295452075878679,1.865759486871613,
ibrahima_konate,DEF,Liverpool,0.8317661043135666,2.501726175032903,
idrissa_gana_gueye,MID,Everton,0.22732431086216928,1.6354836996911444,
igor_jesus_maciel_da_cruz,FWD,Nott'm Forest,1.5873183461278129,3.660561388679643,
igor_julio_dos_santos_de_paulo,DEF,West Ham,-0.6793383793149266,0.7008041945202398,
igor_thiago_nascimento_rodrigues,FWD,Brentford,4.307306416659101,5.764962413016722,93330.0
ilia_gruev,MID,Leeds,1.4362078977649637,2.824084579036379,
iliman_ndiaye,MID,Everton,-0.37711748258922795,1.6825984721771465,87737.0
ilkay_gundogan,MID,Man City,-0.6793383793149266,1.0121249389179316,
illan_meslier,GK,Leeds,-0.6793383793149266,0.6340751502260293,
illia_zabarnyi,DEF,Bournemouth,-0.6793383793149266,0.7824259277601865,
isaac_hayden,MID,Newcastle,-0.6793383793149266,0.6493035485701636,
isaac_heath,MID,Everton,-0.6793383793149266,0.6493035485701636,
isaac_schmidt,DEF,Leeds,-0.6793383793149266,0.6277104041500853,
ismaila_sarr,MID,Crystal Palace,-0.37711748258922795,1.7647397013859538,85076.0
ismeal_kabia,MID,Arsenal,-0.6793383793149266,0.6493035485701636,
issa_diop,DEF,Fulham,-0.07489658586352933,1.6083481427496888,
iwan_morgan,FWD,Brentford,-0.6793383793149266,0.6877361716282626,
jack_fletcher,MID,Man Utd,-0.6793383793149266,0.6110276145473683,
jack_grealish,MID,Everton,1.1339870010392652,3.4437524116905376,
jack_harrison,MID,Leeds,-0.6793383793149266,0.7743191196066663,
jack_hinshelwood,MID,Brighton,0.3784347592250186,2.1008513290294513,
jack_moorhouse,MID,Man Utd,-0.6793383793149266,0.6493035485701636,
jackson_tchatchoua,DEF,Wolves,1.2850974494021143,2.534696317545279,
jacob_bruun_larsen,MID,Burnley,-0.5282279309520772,1.2063218476971795,
jacob_murphy,MID,Newcastle,-0.07489658586352933,1.7279653627845346,
jacob_ramsey,MID,Newcastle,-0.22600703422637863,1.4323641567735064,
jacob_slater,DEF,Brighton,-0.6793383793149266,0.6248677565268212,
jadon_sancho,MID,Aston Villa,0.07621386249931998,1.8932573042653589,
jaidon_anthony,MID,Burnley,1.1339870010392652,3.159738012468257,
jair_paula_da_cunha_filho,DEF,Nott'm Forest,-0.6793383793149266,0.6717288828443481,
jaka_bijol,DEF,Leeds,0.3784347592250186,1.8084646793015429,
jake_o'brien,DEF,Everton,1.5873183461278129,3.091161736869494,
jakub_kiwior,DEF,Arsenal,-0.6793383793149266,0.7726036910950594,
jamaal_lascelles,DEF,Newcastle,-0.6793383793149266,0.7000300176062751,
jamaldeen_jimoh_aloba,MID,Aston Villa,-0.6793383793149266,0.6656039789191502,
james_garner,MID,Everton,1.7384287944906622,4.060030832209139,88376.0
james_hill,DEF,Bournemouth,1.4362078977649637,2.8140664549189296,
james_justin,DEF,Leeds,2.6450914846677582,3.1866432481821736,
james_maddison,MID,Spurs,-0.6793383793149266,1.1129086584589782,
james_mcatee,MID,Nott'm Forest,-0.6793383793149266,0.8370038095072725,
james_mcconnell,MID,Liverpool,-0.6793383793149266,0.6291468046619543,
james_milner,MID,Brighton,-0.22600703422637863,0.9662317012114658,
james_rowswell,DEF,Spurs,-0.6793383793149266,0.5667175343627343,
james_tarkowski,DEF,Everton,2.0406496912163608,3.48952088514623,93330.0
james_trafford,GK,Man City,-0.6793383793149266,0.6570841091685774,
james_ward_prowse,MID,West Ham,-0.6793383793149266,0.8710277315604662,
james_wright,GK,Aston Villa,-0.6793383793149266,0.6726925796412847,
jamie_bynoe_gittens,MID,Chelsea,-0.5282279309520772,1.0684518782427772,
jan_paul_van_hecke,DEF,Brighton,1.7384287944906622,3.1566584620686076,93330.0
jarrad_branthwaite,DEF,Everton,-0.5282279309520772,1.05591009837199,
jarrod_bowen,FWD,West Ham,2.4939810363049086,4.890191140880855,85076.0
jason_steele,GK,Brighton,-0.6793383793149266,0.6255755993244081,
jay_matete,MID,Sunderland,-0.6793383793149266,0.608990060753745,
jayce_fitzgerald,MID,Man Utd,-0.6793383793149266,0.5885051258034997,
jaydee_canvot,DEF,Crystal Palace,1.1339870010392652,1.9036124564194494,
jayden_bogle,DEF,Leeds,0.5295452075878679,1.8355728077131845,
jayden_danns,FWD,Liverpool,-0.6793383793149266,0.6694695037349774,
jayden_meghoma,DEF,Brentford,-0.6793383793149266,0.6508840083691332,
jaydon_banel,MID,Burnley,-0.5282279309520772,0.7128804764441583,
jean_clair_todibo,DEF,West Ham,0.5295452075878679,2.1557599218474652,
jean_philippe_mateta,FWD,Crystal Palace,0.5295452075878679,3.9390810306703625,87737.0
jean_ricner_bellegarde,MID,Wolves,-0.6793383793149266,0.7803223839735243,
jefferson_lerma_solis,MID,Crystal Palace,-0.07489658586352933,2.409254794462665,
jenson_jones,DEF,Sunderland,-0.6793383793149266,0.6016941523077735,
jenson_metcalfe,MID,Everton,-0.6793383793149266,0.6493035485701636,
jenson_seelt,DEF,Sunderland,-0.6793383793149266,0.6016941523077735,
jeremie_frimpong,DEF,Liverpool,1.1339870010392652,2.8584652572583025,
jeremy_doku,MID,Man City,1.1339870010392652,2.963524631903095,85076.0
jeremy_sarmiento_morante,MID,Brighton,-0.6793383793149266,0.7299305242030009,
jesurun_rak_sakyi,MID,Crystal Palace,-0.6793383793149266,0.6291468046619543,
jhon_arias,MID,Wolves,1.1339870010392652,2.519644538482842,
joachim_andersen,DEF,Fulham,1.5873183461278129,2.993201933923173,
joao_maria_lobo_alves_palhares_costa_palhinha_goncalves,MID,Spurs,0.6806556559507172,1.9608713458349818,
joao_pedro_ferreira_da_silva,MID,Nott'm Forest,-0.6793383793149266,0.8307142437440476,
joao_pedro_junqueira_de_jesus,FWD,Chelsea,2.7962019330306074,3.9497544989041478,87737.0
joao_victor_gomes_da_silva,MID,Wolves,0.9828765526764158,3.327750508227714,
joe_anderson,DEF,Sunderland,-0.6793383793149266,0.5832271604867436,
joe_gauci,GK,Aston Villa,-0.6793383793149266,0.6735704623271024,
joe_gelhardt,MID,Leeds,-0.6793383793149266,0.6493035485701636,
joe_gomez,DEF,Liverpool,-0.37711748258922795,0.886943306066066,
joe_hodge,MID,Wolves,-0.6793383793149266,0.6493035485701636,
joe_knight,MID,Brighton,-0.6793383793149266,0.6189590356938377,
joe_rodon,DEF,Leeds,0.9828765526764158,2.028351225344861,
joe_white,MID,Newcastle,-0.6793383793149266,0.6493035485701636,
joe_willock,MID,Newcastle,-0.37711748258922795,0.9565656802567765,
joe_worrall,DEF,Burnley,-0.6793383793149266,0.5570460486971378,
joel_drakes_thomas,MID,Crystal Palace,-0.5282279309520772,0.7140048855812267,
joel_piroe,FWD,Leeds,-0.5282279309520772,0.8835871555492905,
joel_veltman,DEF,Brighton,0.5295452075878679,2.025028484008528,
joelinton_cassio_apolinario_de_lira,MID,Newcastle,1.7384287944906622,3.919738730292906,
john_mcginn,MID,Aston Villa,2.1917601395792103,2.8361677683645796,
john_ruddy,GK,Newcastle,-0.6793383793149266,0.675840944447334,
john_stones,DEF,Man City,-0.6793383793149266,0.771779263847918,
john_victor_maciel_furtado,GK,Nott'm Forest,-0.5282279309520772,1.1369487968451542,
jonah_kusi_asare,FWD,Fulham,-0.5282279309520772,0.9573288684248201,
jordan_beyer,DEF,Burnley,-0.6793383793149266,0.5736532765803797,
jordan_henderson,MID,Brentford,-0.22600703422637863,1.144194929420549,
jordan_pickford,GK,Everton,1.8895392428535116,3.693522920151949,88376.0
jorge_cuenca_barreno,DEF,Fulham,0.8317661043135666,2.5879457983714174,
jorgen_strand_larsen,FWD,Wolves,0.3784347592250186,1.9638611629189595,
jorrel_hato,DEF,Chelsea,-0.07489658586352933,1.424316429459246,
jose_malheiro_de_sa,GK,Wolves,1.5873183461278129,3.6464892187577194,
josh_acheampong,DEF,Chelsea,-0.07489658586352933,1.1654596145529044,
josh_cullen,MID,Burnley,-0.6793383793149266,0.7500872681112103,
josh_dasilva,MID,Brentford,-0.6793383793149266,0.7299305242030009,
josh_king,MID,Fulham,0.07621386249931998,0.8360393495617616,
josh_laurent,MID,Burnley,0.22732431086216928,2.0287011158920163,
josh_nichols,DEF,Arsenal,-0.6793383793149266,0.6744003361813639,
joshua_zirkzee,FWD,Man Utd,0.07621386249931998,1.6052813148362675,
josko_gvardiol,DEF,Man City,-0.5282279309520772,1.2681904214310977,
julian_araujo_zuniga,DEF,Bournemouth,-0.6793383793149266,0.6557951267016966,
julian_eyestone,GK,Brentford,-0.6793383793149266,0.6554727640852781,
julio_enciso_espinola,MID,Brighton,-0.6793383793149266,0.8307142437440476,
julio_soler_barreto,DEF,Bournemouth,-0.6793383793149266,0.6688273787069546,
jun'ai_byfield,DEF,Spurs,-0.6793383793149266,0.5667175343627343,
junior_kroupi,FWD,Bournemouth,1.5873183461278129,3.1167827428267447,
jurrien_timber,DEF,Arsenal,1.5873183461278129,3.297775327487254,87737.0
justin_devenny,MID,Crystal Palace,0.22732431086216928,2.083691986504152,
justin_kluivert,MID,Bournemouth,-0.37711748258922795,1.771462333060677,
kadan_young,MID,Aston Villa,-0.6793383793149266,0.608990060753745,
kaden_rodney,MID,Crystal Palace,-0.5282279309520772,0.6806530676504048,
kaelan_casey,DEF,West Ham,-0.6793383793149266,0.648041360745869,
kai_havertz,FWD,Arsenal,-0.6793383793149266,1.3024684840453737,87737.0
kalvin_phillips,MID,Man City,-0.6793383793149266,0.7505248561672582,
karl_darlow,GK,Leeds,0.5295452075878679,2.1199692035204083,
karl_hein,GK,Arsenal,-0.6793383793149266,0.6300489027341625,
kaye_furo,FWD,Brentford,-0.6793383793149266,0.7546487917431711,
keane_lewis_potter,DEF,Brentford,0.5295452075878679,1.8526862947923624,
keiber_lamadrid,MID,West Ham,-0.6793383793149266,0.8967911412520901,
kendry_paez_andrade,MID,Chelsea,-0.6793383793149266,0.6493035485701636,
kenny_tete,DEF,Fulham,-0.6793383793149266,0.7413173548772495,
kepa_arrizabalaga_revuelta,GK,Arsenal,-0.6793383793149266,0.6745302668897073,
kevin_danso,DEF,Spurs,-0.5282279309520772,1.0482630434049574,
kevin_santos_lopes_de_macedo,MID,Fulham,0.3784347592250186,2.3032083810994983,
kevin_schade,MID,Brentford,1.5873183461278129,5.094285068223393,85076.0
ki_jana_hoever,DEF,Wolves,-0.6793383793149266,0.6311932810356478,
kieran_morrison,MID,Liverpool,-0.6793383793149266,0.669679086506397,
kieran_trippier,DEF,Newcastle,0.3784347592250186,2.029850382580126,
kiernan_dewsbury_hall,MID,Everton,-0.5282279309520772,0.9879958052261391,
kim_ji_soo,DEF,Brentford,-0.6793383793149266,0.6403314416142589,
kjell_scherpen,GK,Brighton,-0.6793383793149266,0.6300489027341625,
kobbie_mainoo,MID,Man Utd,0.6806556559507172,1.998569516804463,
konstantinos_mavropanos,DEF,West Ham,0.6806556559507172,2.5361359645418204,
konstantinos_tsimikas,DEF,Liverpool,-0.6793383793149266,0.6686263773742471,
kristoffer_ajer,DEF,Brentford,0.9828765526764158,2.5418611012604346,
krisztian_hegyi,GK,West Ham,-0.6793383793149266,0.6532022819650464,
kyle_walker,DEF,Burnley,0.3784347592250186,2.5597733612752087,
kyle_walker_peters,DEF,West Ham,-0.22600703422637863,1.772035519393447,
ladislav_krejci,DEF,Wolves,1.5873183461278129,2.894677721362953,
lamare_bogarde,DEF,Aston Villa,-0.22600703422637863,1.2476155542048597,
landon_emenalo,MID,Chelsea,-0.6793383793149266,0.639115779602047,
largie_ramazani,MID,Leeds,-0.6793383793149266,0.7299305242030009,
leander_dendoncker,MID,Aston Villa,-0.6793383793149266,0.6493035485701636,
leandro_trossard,MID,Arsenal,0.22732431086216928,2.7826021872735476,
leny_yoro,DEF,Man Utd,-0.22600703422637863,1.2420329401265156,
leo_fuhr_hjelde,DEF,Sunderland,-0.6793383793149266,0.6016941523077735,
leo_shahar,DEF,Newcastle,-0.6793383793149266,0.6683723173416527,
leon_bailey,MID,Aston Villa,-0.5282279309520772,1.0655641645675102,
leon_chiwome,FWD,Wolves,-0.6793383793149266,0.6877361716282626,
leon_routh,DEF,Aston Villa,-0.6793383793149266,0.6655296697183887,
lesley_ugochukwu,MID,Burnley,0.9828765526764158,2.6127976696738733,
levi_samuels_colwill,DEF,Chelsea,-0.6793383793149266,0.750359215626473,
lewis_cook,MID,Bournemouth,1.5873183461278129,2.613728623250539,
lewis_dobbin,MID,Aston Villa,-0.6793383793149266,0.7500872681112103,
lewis_dunk,DEF,Brighton,1.4362078977649637,3.051730216229382,
lewis_hall,DEF,Newcastle,2.3428705879420595,3.605442699691622,87737.0
lewis_miley,MID,Newcastle,1.4362078977649637,3.4554812592769877,
lewis_o'brien,MID,Nott'm Forest,-0.6793383793149266,0.7500872681112103,
lewis_orford,MID,West Ham,-0.6793383793149266,0.6291468046619543,
liam_delap,FWD,Chelsea,1.1339870010392652,2.6565499626850286,
lino_da_cruz_sousa,DEF,Aston Villa,-0.6793383793149266,0.652338961274796,
lisandro_martinez,DEF,Man Utd,1.1339870010392652,2.9538278761820917,
loum_tchaouna,MID,Burnley,-0.37711748258922795,1.0273938709099681,
luca_koleosho,MID,Burnley,-0.6793383793149266,0.7500872681112103,
luca_williams_barnett,MID,Spurs,-0.6793383793149266,0.6737541940936436,
lucas_bergvall,MID,Spurs,-0.22600703422637863,1.4331367688272403,
lucas_digne,DEF,Aston Villa,1.4362078977649637,2.1084594736453273,
lucas_estella_perri,GK,Leeds,-0.22600703422637863,1.9731268381107725,
lucas_pires_silva,DEF,Burnley,0.3784347592250186,2.4180776190513873,
lucas_tolentino_coelho_de_lima,MID,West Ham,-0.37711748258922795,1.444724047823763,
luis_diaz_marulanda,MID,Liverpool,-0.6793383793149266,1.3547895853574903,
luis_eduardo_soares_da_silva,DEF,Nott'm Forest,-0.6793383793149266,0.7182925034927594,
luis_guilherme_lira_dos_santos,MID,West Ham,-0.6793383793149266,0.7299305242030009,
luis_hemir_silva_semedo,FWD,Sunderland,-0.6793383793149266,0.7158500313388843,
luis_sinisterra_lucumi,MID,Bournemouth,-0.6793383793149266,0.7500872681112103,
luka_vuskovic,DEF,Spurs,-0.6793383793149266,0.55616496760786,
lukas_nmecha,FWD,Leeds,0.6806556559507172,1.6813292911511757,
lukasz_fabianski,GK,West Ham,-0.6793383793149266,0.6584695780799523,
luke_harris,MID,Fulham,-0.6793383793149266,0.6493035485701636,
luke_o'nien,DEF,Sunderland,-0.37711748258922795,0.7241469942645132,
luke_rawlings,MID,Wolves,-0.6793383793149266,0.639115779602047,
luke_shaw,DEF,Man Utd,0.6806556559507172,2.869835024583373,
lutsharel_geertruida,DEF,Sunderland,-0.22600703422637863,1.6738998781443102,
lyle_foster,FWD,Burnley,0.22732431086216928,1.5703150658392426,
mads_hermansen,GK,West Ham,-0.6793383793149266,0.6560554006939537,
mads_roerslev_rasmussen,DEF,Brentford,-0.6793383793149266,0.7036468421435039,
malcolm_ebiowei,MID,Crystal Palace,-0.6793383793149266,0.6493035485701636,
malcom_dacosta,MID,Bournemouth,-0.6793383793149266,0.6187402416658137,
maldini_kacurri,DEF,Arsenal,-0.6793383793149266,0.614315189771947,
malick_thiaw,DEF,Newcastle,3.2495332781191553,3.3973613207442597,
malick_yalcouye,MID,Brighton,-0.6793383793149266,0.7500872681112103,
malo_gusto,DEF,Chelsea,0.07621386249931998,1.914925320974239,
mamadou_sarr,DEF,Chelsea,-0.6793383793149266,0.7239777987392876,
manor_solomon,MID,Spurs,-0.6793383793149266,0.8307142437440476,
manuel_akanji,DEF,Man City,-0.6793383793149266,0.7697610434717953,
manuel_benson_hedilazio,MID,Burnley,-0.6793383793149266,0.8307142437440476,
manuel_ugarte_ribeiro,MID,Man Utd,0.3784347592250186,1.9341280624942598,
marc_cucurella_saseta,DEF,Chelsea,0.22732431086216928,2.040295407324918,85076.0
marc_guehi,DEF,Man City,1.4362078977649637,2.6410978332322883,93330.0
marc_guiu_paz,FWD,Chelsea,-0.6793383793149266,0.6572300613364856,
marco_bizot,GK,Aston Villa,-0.37711748258922795,1.1059883899268397,
marcos_senesi_baron,DEF,Bournemouth,1.2850974494021143,2.9298114028049826,87737.0
marcus_bettinelli,GK,Man City,-0.6793383793149266,0.6513778717107627,
marcus_edwards,MID,Burnley,1.8895392428535116,3.2528334371127685,
marcus_rashford,MID,Man Utd,-0.6793383793149266,1.1532221462753969,
marcus_tavernier,MID,Bournemouth,1.5873183461278129,3.2460548493386683,
mark_gillespie,GK,Newcastle,-0.6793383793149266,0.6749630617615163,
mark_travers,GK,Everton,-0.6793383793149266,0.6326825507916154,
marko_stamenic,MID,Nott'm Forest,-0.6793383793149266,0.6493035485701636,
marli_salmon,DEF,Arsenal,-0.6793383793149266,0.6955054696911123,
marshall_munetsi,MID,Wolves,-0.6793383793149266,0.8105574998358382,
martial_godo,MID,Fulham,-0.6793383793149266,0.6493035485701636,
martin_dubravka,GK,Burnley,1.4362078977649637,3.619267535720473,
martin_odegaard,MID,Arsenal,1.5873183461278129,3.757244198493492,93330.0
martin_sherif,FWD,Everton,-0.6793383793149266,0.7017931014835734,
martin_zubimendi_ibanez,MID,Arsenal,1.1339870010392652,3.3596226859827523,
mason_mount,MID,Man Utd,-0.37711748258922795,1.178247358007218,
matai_akinmboni,DEF,Bournemouth,-0.6793383793149266,0.6497404655733289,
mateo_joseph_fernandez_regatillo,FWD,Leeds,-0.6793383793149266,0.8113931088432836,
mateo_kovacic,MID,Man City,-0.6793383793149266,0.9314979632850943,
mateus_goncalo_espanha_fernandes,MID,West Ham,2.4939810363049086,3.586789347988561,
mateus_mane,FWD,Wolves,3.098422829756306,4.408692170793861,88376.0
matheus_franca_de_oliveira,MID,Crystal Palace,-0.6793383793149266,0.6493035485701636,
matheus_nunes,DEF,Man City,1.4362078977649637,2.8320846572736813,85076.0
matheus_santos_carneiro_da_cunha,MID,Man Utd,2.947312381393457,4.0095316764256035,88376.0
mathias_jensen,MID,Brentford,0.8317661043135666,4.000898071693008,
mathys_tel,MID,Spurs,1.5873183461278129,3.6637658824300017,
mats_wieffer,MID,Brighton,-0.6793383793149266,0.7299305242030009,
matt_doherty,DEF,Wolves,-0.6793383793149266,0.7207455464544865,
matt_o'riley,MID,Brighton,-0.6793383793149266,0.8508709876522569,
matt_targett,DEF,Newcastle,-0.6793383793149266,0.6683723173416527,
matt_turner,GK,Nott'm Forest,-0.6793383793149266,0.6735704623271024,
matthew_cox,GK,Brentford,-0.6793383793149266,0.6554727640852781,
matthijs_de_ligt,DEF,Man Utd,-0.6793383793149266,0.7893616699778319,
matty_cash,DEF,Aston Villa,2.1917601395792103,3.4057806709036678,85646.0
matz_sels,GK,Nott'm Forest,2.3428705879420595,3.2556093198898273,85076.0
max_alleyne,DEF,Man City,0.32806460977073554,1.9845480916441307,
max_dowman,MID,Arsenal,-0.6793383793149266,0.5989116887996403,
max_merrick,GK,Chelsea,-0.6793383793149266,0.688077936617789,
max_weiss,GK,Burnley,-0.6793383793149266,0.5829319224172859,
maxence_lacroix,DEF,Crystal Palace,1.2850974494021143,2.7843347985239726,
maxim_de_cuyper,DEF,Brighton,-0.22600703422637863,1.3771016131296727,
maxime_esteve,DEF,Burnley,0.5295452075878679,1.912175882110827,
maximilian_kilman,DEF,West Ham,-0.22600703422637863,1.2166793639351818,
maxwel_cornet,MID,West Ham,-0.6793383793149266,0.7299305242030009,
merlin_rohl,MID,Everton,0.07621386249931998,1.9931711273285142,
michael_kayode,DEF,Brentford,0.5295452075878679,2.8597830256824173,
michael_keane,DEF,Everton,0.07621386249931998,1.6958189524065586,85646.0
michael_obafemi,FWD,Burnley,-0.6793383793149266,0.7088215664112288,
micky_van_de_ven,DEF,Spurs,1.4362078977649637,3.116715146682549,94654.0
mike_penders,GK,Chelsea,-0.6793383793149266,0.6781114265675657,
mike_tresor_ndayishimiye,MID,Burnley,-0.6793383793149266,0.6434096812173177,
mikel_merino_zazon,MID,Arsenal,0.6806556559507172,2.3078394790039916,
mikey_moore,MID,Spurs,-0.6793383793149266,0.7500872681112103,
mikkel_damsgaard,MID,Brentford,0.8317661043135666,3.1825130025985073,
milan_aleksic,MID,Sunderland,-0.6793383793149266,0.7299305242030009,
milos_kerkez,DEF,Liverpool,0.9828765526764158,3.014148547528027,
miodrag_pivas,DEF,Newcastle,-0.6793383793149266,0.6472671838319043,
mitoma_kaoru,MID,Brighton,1.5873183461278129,3.9112073139594887,
mohamadou_kante,MID,West Ham,-0.6793383793149266,0.6676415327127736,
mohamed_salah,MID,Liverpool,0.07621386249931998,4.046195850634393,93330.0
mohammed_kudus,MID,Spurs,-0.5282279309520772,1.188594591208711,
moises_caicedo_corozo,MID,Chelsea,0.9828765526764158,2.7163168791319245,
morgan_gibbs_white,MID,Nott'm Forest,3.2495332781191553,4.596618367155591,
morgan_rogers,MID,Aston Villa,2.0406496912163608,5.207845837302654,93330.0
murillo_costa_dos_santos,DEF,Nott'm Forest,2.4939810363049086,3.175563200521837,
mykhailo_mudryk,MID,Chelsea,-0.6793383793149266,0.7299305242030009,
myles_lewis_skelly,DEF,Arsenal,-0.5282279309520772,1.065071691287912,
myles_peart_harris,MID,Brentford,-0.5282279309520772,0.6631126897343467,
naouirou_ahamada,MID,Crystal Palace,-0.6793383793149266,0.608990060753745,
nathan_ake,DEF,Man City,-0.07489658586352933,2.0009276385805363,
nathan_collins,DEF,Brentford,3.098422829756306,3.855274549171213,88376.0
nathan_fraser,FWD,Wolves,-0.6793383793149266,0.6502015964088301,
nathan_patterson,DEF,Everton,0.9828765526764158,1.8822767453158067,
nathaniel_clyne,DEF,Crystal Palace,-0.5282279309520772,0.8260075303600969,
nayef_aguerd,DEF,West Ham,-0.6793383793149266,0.6902516277653656,
nazarii_rusyn,FWD,Sunderland,-0.6793383793149266,0.7158500313388843,
neco_williams,DEF,Nott'm Forest,2.1917601395792103,3.1765900929828765,85076.0
nectarios_triantis,MID,Sunderland,-0.6793383793149266,0.6291468046619543,
nehemiah_oriola,MID,Brighton,-0.6793383793149266,0.639115779602047,
niall_huggins,DEF,Sunderland,-0.6793383793149266,0.6016941523077735,
nick_pope,GK,Newcastle,1.8895392428535116,3.760474121189345,
nick_woltemade,FWD,Newcastle,0.6806556559507172,2.936660486998841,93330.0
niclas_fullkrug,FWD,West Ham,-0.6793383793149266,0.9069361863476829,
nico_gonzalez_iglesias,MID,Man City,-0.07489658586352933,1.4662750758887542,
nico_o'reilly,DEF,Man City,0.5295452075878679,2.3835489615902374,88376.0
nicolas_dominguez,MID,Nott'm Forest,2.3428705879420595,3.624729909047926,
nicolas_jackson,FWD,Chelsea,-0.6793383793149266,1.0783646623149037,
nicolo_savona,DEF,Nott'm Forest,-0.5282279309520772,0.8432910248774947,
nikola_milenkovic,DEF,Nott'm Forest,2.1917601395792103,2.9420858521958024,
noah_okafor,MID,Leeds,0.3784347592250186,2.3601459243973717,
noah_sadiki,MID,Sunderland,0.5295452075878679,1.8179890101713356,
noni_madueke,MID,Arsenal,0.07621386249931998,2.597378676901842,
norberto_bercique_gomes_betuncal,FWD,Everton,0.5295452075878679,1.685180179745207,
norberto_murara_neto,GK,Bournemouth,-0.6793383793149266,0.6870418042371174,
nordi_mukiele,DEF,Sunderland,1.8895392428535116,3.44470889561068,88376.0
noussair_mazraoui,DEF,Man Utd,-0.5282279309520772,0.8099177510184276,
odsonne_edouard,FWD,Crystal Palace,-0.6793383793149266,0.7973361789879727,
odysseas_vlachodimos,GK,Newcastle,-0.6793383793149266,0.675840944447334,
ola_aina,DEF,Nott'm Forest,2.1917601395792103,2.9531681946629207,
oleksandr_zinchenko,DEF,Nott'm Forest,-0.6793383793149266,0.7786667538973595,
oliver_pimlott,MID,Burnley,-0.6793383793149266,0.639115779602047,
oliver_sonne,DEF,Burnley,-0.37711748258922795,0.7974519480717356,
olivier_boscagli,DEF,Brighton,0.22732431086216928,1.3964220244020586,
ollie_scarles,DEF,West Ham,1.1339870010392652,2.6467434745677076,
ollie_watkins,FWD,Aston Villa,2.1917601395792103,4.9488470318827655,94654.0
oluwaseun_adewumi,MID,Burnley,-0.6793383793149266,0.6493035485701636,
omar_alderete,DEF,Sunderland,-0.07489658586352933,2.5326300074818344,85646.0
omar_marmoush,MID,Man City,0.8317661043135666,2.4075669719907564,
omar_richards,DEF,Nott'm Forest,-0.6793383793149266,0.7182925034927594,
omari_hutchinson,MID,Nott'm Forest,0.07621386249931998,2.1846765157854997,
oscar_bobb,MID,Man City,-0.6793383793149266,0.7743191196066663,
owen_bevan,DEF,Bournemouth,-0.6793383793149266,0.6255218210598577,
owen_dodgson,DEF,Burnley,-0.6793383793149266,0.5842058433352539,
pablo_felipe_pereira_de_jesus,FWD,West Ham,0.07621386249931998,2.204368631152148,
pape_matar_sarr,MID,Spurs,-0.6793383793149266,0.6493035485701636,
paris_maghoma,MID,Brentford,-0.6793383793149266,0.6493035485701636,
pascal_gross,MID,Brighton,0.3784347592250186,3.327699594298052,
pascal_struijk,DEF,Leeds,2.3428705879420595,3.160060947493186,
patrick_bamford,FWD,Leeds,-0.6793383793149266,0.7931264409499986,
patrick_dorgu,DEF,Man Utd,3.702864623207703,4.082565134691593,
patrick_roberts,MID,Sunderland,-0.6793383793149266,0.8307142437440476,
pau_torres,DEF,Aston Villa,0.5295452075878679,1.676313160159134,
pedro_cardoso_de_lima,DEF,Wolves,-0.5282279309520772,0.6533268264705402,
pedro_lomba_neto,MID,Chelsea,1.2850974494021143,3.7379171795855894,88376.0
pedro_porro_sauceda,DEF,Spurs,0.6806556559507172,3.377733202355692,
pervis_estupinan_tenorio,DEF,Brighton,-0.6793383793149266,0.677630590301192,
phil_foden,MID,Man City,0.22732431086216928,3.5576176769970402,88376.0
philip_billing,MID,Bournemouth,-0.6793383793149266,0.7299305242030009,
piero_hincapie,DEF,Arsenal,-0.37711748258922795,1.9107956916964957,
pierre_ekwah_elimby,MID,Sunderland,-0.6793383793149266,0.6493035485701636,
quilindschy_hartman,DEF,Burnley,-0.6793383793149266,0.5882422840874992,
radu_dragusin,DEF,Spurs,-0.5282279309520772,0.670643400374354,
randal_kolo_muani,FWD,Spurs,0.07621386249931998,3.1469051799563497,
rasmus_hojlund,FWD,Man Utd,-0.6793383793149266,1.0348028616006784,
raul_jimenez_rodriguez,FWD,Fulham,1.4362078977649637,4.232104075006172,
rayan_ait_nouri,DEF,Man City,-0.5282279309520772,0.8984348048074264,
rayan_cherki,MID,Man City,0.6806556559507172,4.0789662033387435,85646.0
reece_james,DEF,Chelsea,1.5873183461278129,2.921450355216402,85646.0
reece_welch,DEF,Everton,-0.6793383793149266,0.6037626230170728,
reigan_heskey,MID,Man City,-0.6793383793149266,0.6900546244426302,
reinildo_mandava,DEF,Sunderland,-0.5282279309520772,1.1991233077975116,
reiss_nelson,MID,Brentford,-0.5282279309520772,0.8662218152708331,
remi_matthews,GK,Crystal Palace,-0.6793383793149266,0.5353164545017699,
remy_rees_dottin,MID,Bournemouth,-0.6793383793149266,0.5985834977576043,
rhys_williams,DEF,Liverpool,-0.6793383793149266,0.5832829135867316,
riccardo_calafiori,DEF,Arsenal,-0.6793383793149266,0.8124927293025072,85076.0
richarlison_de_andrade,FWD,Spurs,-0.22600703422637863,1.936877175081217,
rico_henry,DEF,Brentford,0.8317661043135666,2.2819191730668855,
rico_lewis,DEF,Man City,-0.5282279309520772,1.396624420107403,
rio_cardines,MID,Crystal Palace,-0.6793383793149266,0.6291468046619543,
rio_ngumoha,MID,Liverpool,-0.37711748258922795,0.9876683346057374,
rob_holding,DEF,Crystal Palace,-0.6793383793149266,0.5350159872738943,
robert_lynch_sanchez,GK,Chelsea,1.7384287944906622,3.1388245723355173,93330.0
robin_roefs,GK,Sunderland,0.5295452075878679,3.322118025553354,94654.0
rodrigo_'rodri'_hernandez_cascante,MID,Man City,1.1339870010392652,3.2690373991694353,
rodrigo_bentancur,MID,Spurs,0.07621386249931998,1.8205520785368225,
rodrigo_martins_gomes,DEF,Wolves,-0.37711748258922795,0.9236357519473626,
rodrigo_muniz_carvalho,FWD,Fulham,-0.6793383793149266,0.8451077177401725,
romain_esse,MID,Crystal Palace,-0.5282279309520772,0.757123267858808,
romain_faivre,MID,Bournemouth,-0.6793383793149266,0.639115779602047,
romaine_mundle,MID,Sunderland,0.07621386249931998,2.0818162777868565,
roman_dixon,DEF,Everton,-0.6793383793149266,0.6037626230170728,
romelle_donovan,MID,Brentford,-0.5282279309520772,0.7428174306418662,
romeo_lavia,MID,Chelsea,-0.6793383793149266,0.7299305242030009,
ronnie_hollingshead,GK,Aston Villa,-0.6793383793149266,0.6735704623271024,
ross_barkley,MID,Aston Villa,-0.6793383793149266,0.7097737802947915,
ruben_dos_santos_gato_alves_dias,DEF,Man City,0.07621386249931998,1.4980274888608824,93330.0
ryan_christie,MID,Bournemouth,-0.37711748258922795,1.2123109452987326,
ryan_gravenberch,MID,Liverpool,0.5295452075878679,3.3932177263188157,94654.0
ryan_mcaidoo,MID,Man City,-0.6793383793149266,0.6900546244426302,
ryan_sessegnon,MID,Fulham,0.07621386249931998,1.7920514069520175,
ryan_trevitt,MID,Brentford,-0.6793383793149266,0.6493035485701636,
ryan_yates,MID,Nott'm Forest,-0.6793383793149266,0.6753541598312189,
saheed_olagunju,DEF,Wolves,-0.6793383793149266,0.6119340070229442,
sam_alabi,MID,Newcastle,-0.6793383793149266,0.6493035485701636,
sam_byram,DEF,Leeds,-0.6793383793149266,0.6066052706403369,
sam_chambers,MID,Leeds,-0.6793383793149266,0.6737541940936436,
sam_greenwood,MID,Leeds,-0.6793383793149266,0.7299305242030009,
sam_johnstone,GK,Wolves,-0.6793383793149266,0.6250608825758117,
sam_proctor,GK,Aston Villa,-0.6793383793149266,0.6726925796412847,
samuel_amissah,DEF,Fulham,-0.6793383793149266,0.6371760819512914,
samuel_chukwueze,MID,Fulham,0.22732431086216928,1.343287687726734,
samuel_iling_junior,MID,Aston Villa,-0.6793383793149266,0.8508709876522569,
sander_berge,MID,Fulham,1.4362078977649637,2.6246918049042085,
sandro_tonali,MID,Newcastle,0.8317661043135666,2.817696168186279,
santiago_ignacio_bueno,DEF,Wolves,1.5873183461278129,2.854195007977232,
sasa_kalajdzic,FWD,Wolves,-0.6793383793149266,0.7790695110946877,
sasa_lukic,MID,Fulham,0.07621386249931998,2.082293050250688,
savio_moreira_de_oliveira,MID,Man City,-0.6793383793149266,1.1493658327161742,
seamus_coleman,DEF,Everton,-0.6793383793149266,0.6459728900365695,
sean_longstaff,MID,Leeds,-0.5282279309520772,0.8488127303798146,
sean_neave,FWD,Newcastle,-0.6793383793149266,0.6975833634455992,
sebastiaan_bornauw,DEF,Leeds,0.5295452075878679,1.6655113994488346,
sekou_kone,MID,Man Utd,-0.6793383793149266,0.578426753849395,
senne_lammens,GK,Man Utd,0.9828765526764158,3.472278060208965,94654.0
sepp_van_den_berg,DEF,Brentford,-0.5282279309520772,1.0748855345001451,
seth_ridgeon,MID,Fulham,-0.6793383793149266,0.639115779602047,
seung_soo_park,MID,Newcastle,-0.6793383793149266,0.6140292467307973,
shea_lacey,MID,Man Utd,-0.5282279309520772,0.7102950365170911,
shurandy_sambo,DEF,Burnley,-0.6793383793149266,0.5842058433352539,
simon_adingra,MID,Sunderland,-0.22600703422637863,1.6476343801077498,
simon_moore,GK,Sunderland,-0.6793383793149266,0.6051397581316431,
solly_march,MID,Brighton,-0.6793383793149266,0.9093036655832617,
son_heung_min,MID,Spurs,-0.6793383793149266,1.4555733048985369,
soungoutou_magassa,MID,West Ham,-0.5282279309520772,1.1215010449937903,
stefan_bajcetic_maquieira,MID,Liverpool,-0.6793383793149266,0.608990060753745,
stefan_ortega_moreno,GK,Man City,-0.6793383793149266,0.6588398745402126,
stefanos_tzimas,FWD,Brighton,-0.6793383793149266,0.8479264446298538,
stephen_mfuni,DEF,Man City,-0.6793383793149266,0.6518369496711349,
steven_benda,GK,Fulham,-0.6793383793149266,0.675840944447334,
sven_botman,DEF,Newcastle,1.1339870010392652,2.3150993990272113,
sverre_nypan,MID,Man City,-0.6793383793149266,0.7500872681112103,
taiwo_awoniyi,FWD,Nott'm Forest,0.22732431086216928,1.3690590565627094,
takai_kota,DEF,Spurs,-0.6793383793149266,0.5667175343627343,
tanaka_ao,MID,Leeds,-0.07489658586352933,1.111420561168556,
tariq_lamptey,DEF,Brighton,-0.6793383793149266,0.6670780235463178,
tawanda_chirewa,MID,Wolves,-0.5282279309520772,0.6587945867809347,
teddy_sharman_lowe,GK,Chelsea,-0.6793383793149266,0.7478769969191292,
temple_ojinnaka,MID,Wolves,-0.6793383793149266,0.639115779602047,
thierno_barry,FWD,Everton,3.098422829756306,4.586965211299228,94654.0
tijjani_reijnders,MID,Man City,1.7384287944906622,3.397862087334885,
tim_iroegbunam,MID,Everton,0.9828765526764158,2.1379627881959506,
timothee_pembele,DEF,Sunderland,-0.6793383793149266,0.5911415855528992,
timothy_castagne,DEF,Fulham,0.3784347592250186,2.7277641565604656,
tino_livramento,DEF,Newcastle,-0.37711748258922795,1.2963568889737571,
tj_carroll,DEF,Aston Villa,-0.6793383793149266,0.6937847549841051,
toby_collyer,MID,Man Utd,-0.6793383793149266,0.6289280106339303,
tolu_arokodare,FWD,Wolves,0.3784347592250186,2.738521120293669,
tom_cairney,MID,Fulham,0.22732431086216928,2.0562284101464,
tom_edozie,MID,Wolves,-0.6793383793149266,0.5988022917856284,
tom_heaton,GK,Man Utd,-0.6793383793149266,0.6825775994542809,
tom_king,GK,Everton,-0.6793383793149266,0.6291710200483448,
tom_mcgill,GK,Brighton,-0.6793383793149266,0.6229419512669552,
tom_watson,MID,Brighton,-0.5282279309520772,0.7954314524471076,
tomas_soucek,MID,West Ham,1.1339870010392652,3.304230042679821,
tommy_setford,GK,Arsenal,-0.6793383793149266,0.6727745015180719,
tosin_adarabioyo,DEF,Chelsea,-0.22600703422637863,1.499128829090683,
toti_gomes,DEF,Wolves,-0.6793383793149266,0.6431302424133054,
trai_hume,DEF,Sunderland,-0.22600703422637863,2.3398765366414187,
travis_patterson,DEF,Aston Villa,-0.6793383793149266,0.6549771029635144,
trevoh_chalobah,DEF,Chelsea,2.1917601395792103,3.1466424055737736,94654.0
trey_nyoni,MID,Liverpool,-0.6793383793149266,0.6477035828325883,
triston_rowe,DEF,Aston Villa,-0.6793383793149266,0.6655296697183887,
tyler_adams,MID,Bournemouth,-0.6793383793149266,0.745048082134158,
tyler_dibling,MID,Everton,-0.37711748258922795,1.385058555587979,
tyler_fletcher,MID,Man Utd,-0.6793383793149266,0.6187402416658137,
tyler_fredricson,DEF,Man Utd,-0.6793383793149266,0.6551194522891127,
tyler_morton,MID,Liverpool,-0.6793383793149266,0.6493035485701636,
tyler_onyango,MID,Everton,-0.6793383793149266,0.6493035485701636,
tymur_tutierov,MID,Sunderland,-0.6793383793149266,0.6493035485701636,
tyrell_malacia,DEF,Man Utd,-0.6793383793149266,0.6551194522891127,
tyrick_mitchell,DEF,Crystal Palace,0.5295452075878679,2.559723717086524,
tyrique_george,MID,Chelsea,-0.6793383793149266,0.699586011326675,
tyrone_mings,DEF,Aston Villa,-0.5282279309520772,0.797647304994163,
vaclav_hladky,GK,Burnley,-0.6793383793149266,0.5794203916740153,
valentin_castellanos,FWD,West Ham,0.7310258054050004,3.6309286474185725,
veljko_milosavljevic,DEF,Bournemouth,-0.37711748258922795,0.7951997268158458,
victor_lindelof,DEF,Aston Villa,0.6806556559507172,1.9926718257507836,
viktor_gyokeres,FWD,Arsenal,0.22732431086216928,3.1260374708196266,88376.0
virgil_van_dijk,DEF,Liverpool,2.0406496912163608,3.305729050727221,93330.0
vitalii_mykolenko,DEF,Everton,0.8317661043135666,3.03953845688706,94654.0
vitaly_janelt,MID,Brentford,2.4939810363049086,4.127697560456676,
vitor_de_oliveira_nunes_dos_reis,DEF,Man City,-0.6793383793149266,0.7275507764522986,
walter_benitez,GK,Crystal Palace,-0.6793383793149266,0.5361943371875876,
wellity_lucky,DEF,Liverpool,-0.6793383793149266,0.60438804709648,
wes_foderingham,GK,West Ham,-0.6793383793149266,0.654080164650864,
wesley_fofana,DEF,Chelsea,-0.5282279309520772,1.089959444108573,
wilfried_gnonto,MID,Leeds,-0.22600703422637863,1.1391527368414516,
will_dennis,GK,Bournemouth,-0.6793383793149266,0.6826523908080291,
will_hughes,MID,Crystal Palace,0.9828765526764158,2.711684002861976,
will_lankshear,FWD,Spurs,-0.6793383793149266,0.7200597693768586,
william_osula,FWD,Newcastle,-0.6793383793149266,0.8985167102717346,
william_saliba,DEF,Arsenal,1.8895392428535116,3.44934662440395,85076.0
willy_boly,DEF,Nott'm Forest,-0.6793383793149266,0.6242423324474143,
wilson_isidor,FWD,Sunderland,-0.5282279309520772,1.0318893305405297,
wilson_odobert,MID,Spurs,1.4362078977649637,3.889118298676906,
xavi_simons,MID,Spurs,0.9828765526764158,3.5173006499835036,
yang_min_hyeok,MID,Spurs,-0.6793383793149266,0.6493035485701636,
yankuba_minteh,MID,Brighton,-0.37711748258922795,1.5576097259622332,
yasin_ayari,MID,Brighton,3.551754174844854,3.4591896073938493,
yasin_ozcan,DEF,Aston Villa,-0.6793383793149266,0.6655296697183887,
yehor_yarmoliuk,MID,Brentford,1.7384287944906622,3.468120351155729,
yeremy_pino_santos,MID,Crystal Palace,1.5873183461278129,4.288871608490976,
yerson_mosquera_valdelamar,DEF,Wolves,1.8895392428535116,3.245933664646663,
yoane_wissa,FWD,Newcastle,0.22732431086216928,2.6204754574175073,85646.0
youri_tielemans,MID,Aston Villa,1.5873183461278129,4.251481568820346,
youssef_ramalho_chermiti,FWD,Everton,-0.6793383793149266,0.7931264409499986,
yunus_emre_konak,MID,Brentford,-0.6793383793149266,0.608990060753745,
yusuf_akhamrich,MID,Spurs,-0.6793383793149266,0.6493035485701636,
yves_bissouma,MID,Spurs,0.07621386249931998,1.661410318378439,
zach_abbott,DEF,Nott'm Forest,-0.6793383793149266,0.6282787731996595,
zach_marsh,FWD,Crystal Palace,-0.6793383793149266,0.696869505574905,
zain_silcott_duberry,MID,Bournemouth,-0.6793383793149266,0.6291468046619543,
zak_johnson,DEF,Sunderland,-0.6793383793149266,0.580589018798025,
zeki_amdouni,FWD,Burnley,-0.6793383793149266,0.781888237984369,
zepiqueno_redmond,FWD,Aston Villa,-0.6793383793149266,0.713031304449203,
zian_flemming,FWD,Burnley,-0.6793383793149266,0.8793023214784972,
