full_name,pos,team_name,total_points,y_pred,notes,y_pred_delta_1,y_pred_delta_2,y_pred_delta_3,y_pred_delta_4,y_pred_delta_5,y_pred_delta_6,y_pred_delta_7,y_pred_delta_8,y_pred_delta_9,y_pred_delta_10,y_pred_delta_11,is_available,picked_by,pick
Mohamed_Salah,MID,Liverpool,344,379.5746786954714,,139.1164604,18.08342648283292,32.51283977384139,23.78997944434849,0.8627748036908542,2.2810497971643144,9.173951078843343,0.0,3.5949153502056106,2.1411865321193773,3.1438246008551687,False,1,1.0
Erling_Haaland,FWD,Man City,181,293.65270961599344,,99.450315,33.702631485194075,14.30052438860065,2.476669810305708,21.26653980490974,7.265312827,0.046986155,1.220134819469024,3.592246336706552,3.247490920625438,6.654848936,False,3,3.0
Cole_Palmer,MID,Chelsea,214,240.4582182530674,,18.08342648283292,32.51283977384139,23.78997944434849,0.8627748036908542,2.2810497971643144,9.173951078843343,0.0,3.5949153502056106,2.1411865321193773,3.1438246008551687,10.539033134501494,False,2,2.0
Bukayo_Saka,MID,Arsenal,127,222.37479177023448,,32.51283977384139,23.78997944434849,0.8627748036908542,2.2810497971643144,9.173951078843343,0.0,3.5949153502056106,2.1411865321193773,3.1438246008551687,10.539033134501494,1.089308395965304,False,4,4.0
Alexander_Isak,FWD,Newcastle,211,194.20239461907883,,33.702631485194075,14.30052438860065,2.476669810305708,21.26653980490974,7.265312826579944,0.046986155,1.2201348194690524,3.5922463367065376,3.2474909206254523,6.654848936087646,1.4166471481686784,False,3,10.0
Bruno_Borges_Fernandes,MID,Man Utd,174,189.8619519963931,,23.78997944434849,0.8627748036908542,2.2810497971643144,9.173951078843343,0.0,3.5949153502056106,2.1411865321193773,3.1438246008551687,10.539033134501494,1.089308395965304,2.678947608699332,False,4,9.0
Omar_Marmoush,MID,Man City,73,166.0719725520446,jan_transfer,0.8627748036908542,2.2810497971643144,9.173951078843343,0.0,3.5949153502056106,2.1411865321193773,3.1438246008551687,10.539033134501494,1.089308395965304,2.678947608699332,3.7465884228573145,False,5,5.0
Florian_Wirtz,MID,Liverpool,0,162.92814795118943,summer_transfer,9.173951078843343,0.0,3.5949153502056106,2.1411865321193773,3.1438246008551687,10.539033134501494,1.089308395965304,2.678947608699332,3.7465884228573145,9.173951078843489,2.4543904516233965,False,6,6.0
Ollie_Watkins,FWD,Aston Villa,186,160.49976313388476,,14.30052438860065,2.476669810305708,21.26653980490974,7.265312826579944,0.046986155,1.2201348194690524,3.5922463367065376,3.2474909206254523,6.654848936087646,1.4166471481686784,0.023493077,False,6,7.0
Bryan_Mbeumo,MID,Man Utd,236,153.75419687234609,summer_transfer,3.5949153502056106,2.1411865321193773,3.1438246008551687,10.539033134501494,1.089308395965304,2.678947608699332,3.7465884228573145,9.173951078843489,2.4543904516233965,0.0,0.6894341492317153,False,1,12.0
Matheus_Santos_Carneiro_da_Cunha,MID,Man Utd,178,153.75419687234609,summer_transfer,0.0,3.5949153502056106,2.1411865321193773,3.1438246008551687,10.539033134501494,1.089308395965304,2.678947608699332,3.7465884228573145,9.173951078843489,2.4543904516233965,0.0,False,3,34.0
Martin_Odegaard,MID,Arsenal,116,150.15928152214047,,2.1411865321193773,3.1438246008551687,10.539033134501494,1.089308395965304,2.678947608699332,3.7465884228573145,9.173951078843489,2.4543904516233965,0.0,0.6894341492317153,0.4215418285410521,False,1,24.0
Phil_Foden,MID,Man City,105,148.0180949900211,,3.1438246008551687,10.539033134501494,1.089308395965304,2.678947608699332,3.7465884228573145,9.173951078843489,2.4543904516233965,0.0,0.6894341492317153,0.4215418285410521,0.029548921,False,3,39.0
Jarrod_Bowen,FWD,West Ham,193,146.1992387452841,,2.476669810305708,21.26653980490974,7.265312826579944,0.046986155,1.2201348194690524,3.5922463367065376,3.2474909206254523,6.654848936087646,1.4166471481686784,0.023493077,2.58955075,False,5,8.0
Viktor_Gyokeres,FWD,Arsenal,0,143.7225689349784,summer_transfer,21.26653980490974,7.265312826579944,0.046986155,1.2201348194690524,3.5922463367065376,3.2474909206254523,6.654848936087646,1.4166471481686784,0.023493077,2.58955075,5.527403339736139,False,3,15.0
Jordan_Pickford,GK,Everton,158,139.39351982042206,,2.5490709487737035,6.539366442309529,2.552113971545168,32.29394623981824,0.1285306672562569,0.1346167127992004,0.0,0.4314785802923637,2.1206353912527334,0.29990489,0.0,False,3,27.0
David_Raya_Martin,GK,Arsenal,142,136.84444887164835,,6.539366442309529,2.552113971545168,32.29394623981824,0.1285306672562569,0.1346167127992004,0.0,0.4314785802923637,2.1206353912527334,0.29990489,0.0,0.1774602685512434,False,5,41.0
Eberechi_Eze,MID,Crystal Palace,148,134.33523725466443,,1.089308395965304,2.678947608699332,3.7465884228573145,9.173951078843489,2.4543904516233965,0.0,0.6894341492317153,0.4215418285410521,0.029548921,0.0,0.0,False,4,33.0
Morgan_Gibbs_White,MID,Nott'm Forest,154,133.24592885869913,,2.678947608699332,3.7465884228573145,9.173951078843489,2.4543904516233965,0.0,0.6894341492317153,0.4215418285410521,0.029548921,0.0,0.0,1.538422710117203,False,3,46.0
Anthony_Gordon,MID,Newcastle,124,130.5669812499998,,3.7465884228573145,9.173951078843489,2.4543904516233965,0.0,0.6894341492317153,0.4215418285410521,0.029548921,0.0,0.0,1.538422710117203,0.602763822,False,2,14.0
Ederson_Santana_de_Moraes,GK,Man City,111,130.30508242933882,,2.552113971545168,32.29394623981824,0.1285306672562569,0.1346167127992004,0.0,0.4314785802923637,2.1206353912527334,0.29990489,0.0,0.1774602685512434,0.29990489,False,2,74.0
Marc_Cucurella_Saseta,DEF,Chelsea,133,128.48699819717922,,5.599759127738821,0.0,3.878473836,0.0,5.365088306344433,0.0,2.6505858377316827,0.8558015756027402,0.0,0.0,0.0,False,3,22.0
Alisson_Becker,GK,Liverpool,112,127.75296845779366,,32.29394623981824,0.1285306672562569,0.1346167127992004,0.0,0.4314785802923637,2.1206353912527334,0.29990489,0.0,0.1774602685512434,0.29990489,8.923149213617705,False,2,11.0
Cody_Gakpo,MID,Liverpool,127,126.82039282714248,,9.173951078843489,2.4543904516233965,0.0,0.6894341492317153,0.4215418285410521,0.029548921,0.0,0.0,1.538422710117203,0.602763822,0.267892321,False,6,31.0
Rayan_Ait_Nouri,DEF,Man City,125,122.8872390694404,summer_transfer,0.0,3.878473836,0.0,5.365088306344433,0.0,2.6505858377316827,0.8558015756027402,0.0,0.0,0.0,0.5573139236434059,False,3,51.0
Josko_Gvardiol,DEF,Man City,153,122.8872390694404,,3.878473836,0.0,5.365088306344433,0.0,2.6505858377316827,0.8558015756027402,0.0,0.0,0.0,0.5573139236434059,7.135816918499913,False,1,49.0
Jean_Philippe_Mateta,FWD,Crystal Palace,150,122.45602913006866,,7.265312826579944,0.046986155,1.2201348194690524,3.5922463367065376,3.2474909206254523,6.654848936087646,1.4166471481686784,0.023493077,2.58955075,5.527403339736139,4.317609441216007,False,4,16.0
William_Saliba,DEF,Arsenal,130,119.00876523308614,,5.365088306344433,0.0,2.6505858377316827,0.8558015756027402,0.0,0.0,0.0,0.5573139236434059,7.135816918499913,0.0,6.529059674085843,False,6,43.0
Gabriel_dos_Santos_Magalhaes,DEF,Arsenal,117,119.00876523308614,,0.0,5.365088306344433,0.0,2.6505858377316827,0.8558015756027402,0.0,0.0,0.0,0.5573139236434059,7.135816918499913,0.0,False,4,40.0
Antoine_Semenyo,MID,Bournemouth,165,115.1920512966756,,0.6894341492317153,0.4215418285410521,0.029548921,0.0,0.0,1.538422710117203,0.602763822,0.267892321,0.5948824830001627,0.0,9.567920422,False,4,45.0
Hugo_Ekitike,FWD,Liverpool,0,115.14373014867677,summer_transfer,1.2201348194690524,3.5922463367065376,3.2474909206254523,6.654848936087646,1.4166471481686784,0.023493077,2.58955075,5.527403339736139,4.317609441216007,0.0,1.036529584731028,False,6,18.0
Morgan_Rogers,MID,Aston Villa,161,114.50261714744389,,0.4215418285410521,0.029548921,0.0,0.0,1.538422710117203,0.602763822,0.267892321,0.5948824830001627,0.0,9.567920422,1.8870804542340949,False,1,13.0
Pedro_Lomba_Neto,MID,Chelsea,104,114.08107531890283,,0.029548921,0.0,0.0,1.538422710117203,0.602763822,0.267892321,0.5948824830001627,0.0,9.567920422,1.8870804542340949,0.0,False,3,82.0
Leandro_Trossard,MID,Arsenal,152,114.05152639809349,,0.0,0.0,1.538422710117203,0.602763822,0.267892321,0.5948824830001627,0.0,9.567920422,1.8870804542340949,0.0,1.365082056,False,3,87.0
Noni_Madueke,MID,Arsenal,120,114.05152639809349,summer_transfer,1.538422710117203,0.602763822,0.267892321,0.5948824830001627,0.0,9.567920422,1.8870804542340949,0.0,1.365082056,1.1759787231949588,1.0243056505431554,False,5,56.0
Gabriel_Martinelli_Silva,MID,Arsenal,125,114.05152639809349,,0.0,1.538422710117203,0.602763822,0.267892321,0.5948824830001627,0.0,9.567920422,1.8870804542340949,0.0,1.365082056,1.1759787231949588,False,6,55.0
Chris_Wood,FWD,Nott'm Forest,200,113.92359532920771,,3.5922463367065376,3.2474909206254523,6.654848936087646,1.4166471481686784,0.023493077,2.58955075,5.527403339736139,4.317609441216007,0.0,1.036529584731028,0.1495261738877218,False,2,23.0
James_Tarkowski,DEF,Everton,105,113.6436769267417,,0.0,2.6505858377316827,0.8558015756027402,0.0,0.0,0.0,0.5573139236434059,7.135816918499913,0.0,6.529059674085843,0.6259219241398455,False,3,58.0
Jarrad_Branthwaite,DEF,Everton,88,113.6436769267417,,2.6505858377316827,0.8558015756027402,0.0,0.0,0.0,0.5573139236434059,7.135816918499913,0.0,6.529059674085843,0.6259219241398455,0.0,False,3,63.0
Anthony_Elanga,MID,Newcastle,153,112.51310368797628,summer_transfer,0.602763822,0.267892321,0.5948824830001627,0.0,9.567920422,1.8870804542340949,0.0,1.365082056,1.1759787231949588,1.0243056505431554,0.0,False,5,29.0
Savio_Moreira_de_Oliveira,MID,Man City,106,111.91033986597412,,0.267892321,0.5948824830001627,0.0,9.567920422,1.8870804542340949,0.0,1.365082056,1.1759787231949588,1.0243056505431554,0.0,0.0,True,,
Kevin_Schade,MID,Brentford,149,111.6424475452834,,0.5948824830001627,0.0,9.567920422,1.8870804542340949,0.0,1.365082056,1.1759787231949588,1.0243056505431554,0.0,0.0,0.029548921,False,6,54.0
James_Maddison,MID,Spurs,133,111.04756506228324,,0.0,9.567920422,1.8870804542340949,0.0,1.365082056,1.1759787231949588,1.0243056505431554,0.0,0.0,0.029548921,1.538422710117203,False,2,35.0
Brennan_Johnson,MID,Spurs,137,111.04756506228324,,9.567920422,1.8870804542340949,0.0,1.365082056,1.1759787231949588,1.0243056505431554,0.0,0.0,0.029548921,1.538422710117203,0.0,False,5,68.0
Daniel_Munoz_Mejia,DEF,Crystal Palace,142,110.99309108901002,,0.8558015756027402,0.0,0.0,0.0,0.5573139236434059,7.135816918499913,0.0,6.529059674085843,0.6259219241398455,0.0,4.973837203598976,False,4,57.0
Yoane_Wissa,FWD,Brentford,185,110.33134899250118,,3.2474909206254523,6.654848936087646,1.4166471481686784,0.023493077,2.58955075,5.527403339736139,4.317609441216007,0.0,1.036529584731028,0.1495261738877218,1.623990523,False,5,20.0
Milos_Kerkez,DEF,Liverpool,134,110.13728951340728,summer_transfer,0.5573139236434059,7.135816918499913,0.0,6.529059674085843,0.6259219241398455,0.0,4.973837203598976,0.0,0.0,0.0,0.0,False,5,32.0
Andrew_Robertson,DEF,Liverpool,91,110.13728951340728,,0.0,0.5573139236434059,7.135816918499913,0.0,6.529059674085843,0.6259219241398455,0.0,4.973837203598976,0.0,0.0,0.0,False,2,26.0
Jeremie_Frimpong,DEF,Liverpool,0,110.13728951340728,summer_transfer,0.0,0.0,0.0,0.5573139236434059,7.135816918499913,0.0,6.529059674085843,0.6259219241398455,0.0,4.973837203598976,0.0,False,5,17.0
Virgil_van_Dijk,DEF,Liverpool,143,110.13728951340728,,0.0,0.0,0.5573139236434059,7.135816918499913,0.0,6.529059674085843,0.6259219241398455,0.0,4.973837203598976,0.0,0.0,False,1,25.0
Pedro_Porro_Sauceda,DEF,Spurs,98,109.57997558976388,,7.135816918499913,0.0,6.529059674085843,0.6259219241398455,0.0,4.973837203598976,0.0,0.0,0.0,0.0,0.0,False,4,52.0
Joao_Pedro_Junqueira_de_Jesus,FWD,Chelsea,126,107.08385807187572,summer_transfer,6.654848936087646,1.4166471481686784,0.023493077,2.58955075,5.527403339736139,4.317609441216007,0.0,1.036529584731028,0.1495261738877218,1.623990523,2.264915404375131,False,4,28.0
Nikola_Milenkovic,DEF,Nott'm Forest,145,102.44415867126396,,6.529059674085843,0.6259219241398455,0.0,4.973837203598976,0.0,0.0,0.0,0.0,0.0,3.878473836,0.0,False,2,62.0
Murillo_Costa_dos_Santos,DEF,Nott'm Forest,130,102.44415867126396,,0.0,6.529059674085843,0.6259219241398455,0.0,4.973837203598976,0.0,0.0,0.0,0.0,0.0,3.878473836,False,1,60.0
Iliman_Ndiaye,MID,Everton,114,101.47964464050962,,1.8870804542340949,0.0,1.365082056,1.1759787231949588,1.0243056505431554,0.0,0.0,0.029548921,1.538422710117203,0.0,0.0,True,,
Rasmus_Hojlund,FWD,Man Utd,78,100.42900913578808,,1.4166471481686784,0.023493077,2.58955075,5.527403339736139,4.317609441216007,0.0,1.036529584731028,0.1495261738877218,1.623990523,2.264915404375131,0.0,True,,
Amad_Diallo,MID,Man Utd,129,99.59256418627552,,1.365082056,1.1759787231949588,1.0243056505431554,0.0,0.0,0.029548921,1.538422710117203,0.0,0.0,0.6027638220021885,0.0,True,,
Alejandro_Garnacho_Ferreyra,MID,Man Utd,106,99.59256418627552,,0.0,1.365082056,1.1759787231949588,1.0243056505431554,0.0,0.0,0.029548921,1.538422710117203,0.0,0.0,0.6027638220021885,True,,
Francisco_Evanilson_de_Lima_Barbosa,FWD,Bournemouth,128,99.01236199,,0.023493077,2.58955075,5.527403339736139,4.317609441216007,0.0,1.036529584731028,0.1495261738877218,1.623990523,2.264915404375131,0.0,0.0,False,6,30.0
Kai_Havertz,FWD,Arsenal,97,98.98886891,,2.58955075,5.527403339736139,4.317609441216007,0.0,1.036529584731028,0.1495261738877218,1.623990523,2.264915404375131,0.0,0.0,0.0,False,2,38.0
Ismaila_Sarr,MID,Crystal Palace,149,98.22748213061747,,1.1759787231949588,1.0243056505431554,0.0,0.0,0.029548921,1.538422710117203,0.0,0.0,0.6027638220021885,0.0,0.0,False,2,47.0
Alex_Iwobi,MID,Fulham,156,97.05150340742252,,1.0243056505431554,0.0,0.0,0.029548921,1.538422710117203,0.0,0.0,0.6027638220021885,0.0,0.0,0.0,True,,
Jorgen_Strand_Larsen,FWD,Wolves,145,96.39931815988294,summer_transfer,5.527403339736139,4.317609441216007,0.0,1.036529584731028,0.1495261738877218,1.623990523,2.264915404375131,0.0,0.0,0.0,0.2334742718394977,False,1,37.0
Estevao_Almeida_de_Oliveira_Goncalves,MID,Chelsea,0,96.02719775687936,summer_transfer,0.0,0.0,0.029548921,1.538422710117203,0.0,0.0,0.6027638220021885,0.0,0.0,0.0,0.0,True,,
Jamie_Bynoe_Gittens,MID,Chelsea,0,96.02719775687936,summer_transfer,0.0,0.029548921,1.538422710117203,0.0,0.0,0.6027638220021885,0.0,0.0,0.0,0.0,0.0,True,,
Enzo_Fernandez,MID,Chelsea,135,96.02719775687936,,0.029548921,1.538422710117203,0.0,0.0,0.6027638220021885,0.0,0.0,0.0,0.0,0.0,0.5436659803833948,True,,
Declan_Rice,MID,Arsenal,127,95.99764883606998,,1.538422710117203,0.0,0.0,0.6027638220021885,0.0,0.0,0.0,0.0,0.0,0.5436659803833948,0.3191088233074737,True,,
Reece_James,DEF,Chelsea,54,95.91509899717812,,0.6259219241398455,0.0,4.973837203598976,0.0,0.0,0.0,0.0,0.0,3.878473836,0.0,0.0,False,2,59.0
Matz_Sels,GK,Nott'm Forest,150,95.45902221797542,,0.1285306672562569,0.1346167127992004,0.0,0.4314785802923637,2.1206353912527334,0.29990489,0.0,0.1774602685512434,0.29990489,8.923149213617705,19.472274689711803,False,6,42.0
Robert_Lynch_Sanchez,GK,Chelsea,126,95.33049155071916,,0.1346167127992004,0.0,0.4314785802923637,2.1206353912527334,0.29990489,0.0,0.1774602685512434,0.29990489,8.923149213617705,19.472274689711803,2.5490709487737107,False,1,48.0
Fabian_Schar,DEF,Newcastle,118,95.28917707303827,,4.973837203598976,0.0,0.0,0.0,0.0,0.0,3.878473836,0.0,0.0,0.0,0.0,False,3,70.0
Lewis_Hall,DEF,Newcastle,102,95.28917707303827,,0.0,4.973837203598976,0.0,0.0,0.0,0.0,0.0,3.878473836,0.0,0.0,0.0,False,5,65.0
Altay_Bayindir,GK,Man Utd,8,95.19587483791996,,0.4314785802923637,2.1206353912527334,0.29990489,0.0,0.1774602685512434,0.29990489,8.923149213617705,19.472274689711803,2.5490709487737107,3.4242002004442043,0.0,False,3,75.0
Andre_Onana,GK,Man Utd,120,95.19587483791996,,0.0,0.4314785802923637,2.1206353912527334,0.29990489,0.0,0.1774602685512434,0.29990489,8.923149213617705,19.472274689711803,2.5490709487737107,3.4242002004442043,True,,
Dean_Henderson,GK,Crystal Palace,135,94.76439626,,2.1206353912527334,0.29990489,0.0,0.1774602685512434,0.29990489,8.923149213617705,19.472274689711803,2.5490709487737107,3.4242002004442043,0.0,0.1285306672563209,False,4,81.0
Bruno_Guimaraes_Rodriguez_Moura,MID,Newcastle,135,94.45922612595278,,0.0,0.6027638220021885,0.0,0.0,0.0,0.0,0.0,0.5436659803833948,0.3191088233074737,0.0,0.0,True,,
Jacob_Murphy,MID,Newcastle,159,94.45922612595278,,0.6027638220021885,0.0,0.0,0.0,0.0,0.0,0.5436659803833948,0.3191088233074737,0.0,0.0,2.2810497971642434,True,,
Harvey_Barnes,MID,Newcastle,130,94.45922612595278,,0.0,0.0,0.6027638220021885,0.0,0.0,0.0,0.0,0.0,0.5436659803833948,0.3191088233074737,0.0,True,,
Bernardo_Mota_Veiga_de_Carvalho_e_Silva,MID,Man City,110,93.8564623,,0.0,0.0,0.0,0.0,0.0,0.5436659803833948,0.3191088233074737,0.0,0.0,2.2810497971642434,0.0,True,,
Jack_Grealish,MID,Man City,38,93.8564623,,0.5436659803833948,0.3191088233074737,0.0,0.0,2.2810497971642434,0.0,0.0,7.286870624609364,1.887080454234109,0.0,0.0,True,,
Rodrigo_'Rodri'_Hernandez_Cascante,MID,Man City,3,93.8564623,,0.0,0.5436659803833948,0.3191088233074737,0.0,0.0,2.2810497971642434,0.0,0.0,7.286870624609364,1.887080454234109,0.0,True,,
Ilkay_Gundogan,MID,Man City,97,93.8564623,,0.0,0.0,0.5436659803833948,0.3191088233074737,0.0,0.0,2.2810497971642434,0.0,0.0,7.286870624609364,1.887080454234109,True,,
Jeremy_Doku,MID,Man City,88,93.8564623,,0.0,0.0,0.0,0.5436659803833948,0.3191088233074737,0.0,0.0,2.2810497971642434,0.0,0.0,7.286870624609364,True,,
Rayan_Cherki,MID,Man City,0,93.8564623,summer_transfer,0.0,0.0,0.0,0.0,0.5436659803833948,0.3191088233074737,0.0,0.0,2.2810497971642434,0.0,0.0,False,4,69.0
Mitoma_Kaoru,MID,Brighton,145,93.31279632,,0.3191088233074737,0.0,0.0,2.2810497971642434,0.0,0.0,7.286870624609364,1.887080454234109,0.0,0.0,1.611306794541349,False,1,61.0
Dejan_Kulusevski,MID,Spurs,117,92.99368750025972,,2.2810497971642434,0.0,0.0,7.286870624609364,1.887080454234109,0.0,0.0,1.611306794541349,0.0,0.0,0.8430836570820475,True,,
Mathys_Tel,MID,Spurs,42,92.99368750025972,summer_transfer,0.0,2.2810497971642434,0.0,0.0,7.286870624609364,1.887080454234109,0.0,0.0,1.611306794541349,0.0,0.0,True,,
Mohammed_Kudus,MID,Spurs,106,92.99368750025972,summer_transfer,0.0,0.0,2.2810497971642434,0.0,0.0,7.286870624609364,1.887080454234109,0.0,0.0,1.611306794541349,0.0,False,5,44.0
Emiliano_Martinez_Romero,GK,Aston Villa,111,92.64376086637486,,0.29990489,0.0,0.1774602685512434,0.29990489,8.923149213617705,19.472274689711803,2.5490709487737107,3.4242002004442043,0.0,0.1285306672563209,2.6867306843442904,True,,
Stefan_Ortega_Moreno,GK,Man City,35,92.34385597611016,,0.0,0.1774602685512434,0.29990489,8.923149213617705,19.472274689711803,2.5490709487737107,3.4242002004442043,0.0,0.1285306672563209,2.6867306843442904,2.558200017088033,True,,
James_Trafford,GK,Man City,0,92.34385597611016,summer_transfer,0.1774602685512434,0.29990489,8.923149213617705,19.472274689711803,2.5490709487737107,3.4242002004442043,0.0,0.1285306672563209,2.6867306843442904,2.558200017088033,0.2938188447218408,False,6,90.0
Bernd_Leno,GK,Fulham,115,92.16639570755892,,0.29990489,8.923149213617705,19.472274689711803,2.5490709487737107,3.4242002004442043,0.0,0.1285306672563209,2.6867306843442904,2.558200017088033,0.2938188447218408,0.1008168756093326,False,4,88.0
Nick_Pope,GK,Newcastle,102,91.86649081729422,,8.923149213617705,19.472274689711803,2.5490709487737107,3.4242002004442043,0.0,0.1285306672563209,2.6867306843442904,2.558200017088033,0.2938188447218408,0.1008168756093326,0.0,True,,
Raul_Jimenez_Rodriguez,FWD,Fulham,147,90.87191482,,4.317609441216007,0.0,1.036529584731028,0.1495261738877218,1.623990523,2.264915404375131,0.0,0.0,0.0,0.2334742718394977,3.984478032590289,True,,
Dominik_Szoboszlai,MID,Liverpool,143,90.71263770309548,,0.0,7.286870624609364,1.887080454234109,0.0,0.0,1.611306794541349,0.0,0.0,0.8430836570820475,0.0,0.0,True,,
Federico_Chiesa,MID,Liverpool,7,90.71263770309548,,7.286870624609364,1.887080454234109,0.0,0.0,1.611306794541349,0.0,0.0,0.8430836570820475,0.0,0.0,0.086670327,True,,
Alexis_Mac_Allister,MID,Liverpool,122,90.71263770309548,,0.0,0.0,7.286870624609364,1.887080454234109,0.0,0.0,1.611306794541349,0.0,0.0,0.8430836570820475,0.0,True,,
Manuel_Akanji,DEF,Man City,61,90.31533987,,0.0,0.0,0.0,0.0,3.878473836,0.0,0.0,0.0,0.0,0.0,0.7090032347469446,True,,
John_Stones,DEF,Man City,29,90.31533987,,3.878473836,0.0,0.0,0.0,0.0,0.0,0.7090032347469446,0.0,0.0,4.656085071597545,0.0,True,,
Ruben_dos_Santos_Gato_Alves_Dias,DEF,Man City,90,90.31533987,,0.0,3.878473836,0.0,0.0,0.0,0.0,0.0,0.7090032347469446,0.0,0.0,4.656085071597545,False,1,72.0
Matheus_Nunes,DEF,Man City,81,90.31533987,,0.0,0.0,3.878473836,0.0,0.0,0.0,0.0,0.0,0.7090032347469446,0.0,0.0,False,5,77.0
Abdukodir_Khusanov,DEF,Man City,14,90.31533987,jan_transfer,0.0,0.0,0.0,3.878473836,0.0,0.0,0.0,0.0,0.0,0.7090032347469446,0.0,True,,
Nathan_Ake,DEF,Man City,25,90.31533987,,0.0,0.0,0.0,0.0,0.0,3.878473836,0.0,0.0,0.0,0.0,0.0,True,,
Niclas_Fullkrug,FWD,West Ham,42,86.55430537893079,,0.0,1.036529584731028,0.1495261738877218,1.623990523,2.264915404375131,0.0,0.0,0.0,0.2334742718394977,3.984478032590289,0.0,True,,
Callum_Wilson,FWD,West Ham,0,86.55430537893079,summer_transfer,1.036529584731028,0.1495261738877218,1.623990523,2.264915404375131,0.0,0.0,0.0,0.2334742718394977,3.984478032590289,0.0,8.071496084256296,True,,
Cristhian_Mosquera,DEF,Arsenal,0,86.43686603308504,summer_transfer,0.0,0.0,0.7090032347469446,0.0,0.0,4.656085071597545,0.0,2.6505858377316827,0.0,0.0,0.4694414431048699,True,,
Myles_Lewis_Skelly,DEF,Arsenal,37,86.43686603308504,,0.0,0.0,0.0,0.7090032347469446,0.0,0.0,4.656085071597545,0.0,2.6505858377316827,0.0,0.0,False,6,78.0
Riccardo_Calafiori,DEF,Arsenal,39,86.43686603308504,,0.0,0.0,0.0,0.0,0.0,0.7090032347469446,0.0,0.0,4.656085071597545,0.0,2.6505858377316827,True,,
Jakub_Kiwior,DEF,Arsenal,43,86.43686603308504,,0.0,0.0,0.0,0.0,0.7090032347469446,0.0,0.0,4.656085071597545,0.0,2.6505858377316827,0.0,True,,
Jurrien_Timber,DEF,Arsenal,114,86.43686603308504,,0.7090032347469446,0.0,0.0,4.656085071597545,0.0,2.6505858377316827,0.0,0.0,0.4694414431048699,0.3863601324978276,0.5573139236434486,False,4,64.0
Benjamin_White,DEF,Arsenal,50,86.43686603308504,,0.0,0.7090032347469446,0.0,0.0,4.656085071597545,0.0,2.6505858377316827,0.0,0.0,0.4694414431048699,0.3863601324978276,False,2,83.0
Matthijs_de_Ligt,DEF,Man Utd,68,85.7278628,,4.656085071597545,0.0,2.6505858377316827,0.0,0.0,0.4694414431048699,0.3863601324978276,0.5573139236434486,6.524268504154406,0.0,0.6115484143455774,True,,
Noussair_Mazraoui,DEF,Man Utd,88,85.7278628,,0.0,4.656085071597545,0.0,2.6505858377316827,0.0,0.0,0.4694414431048699,0.3863601324978276,0.5573139236434486,6.524268504154406,0.0,True,,
Lisandro_Martinez,DEF,Man Utd,68,85.7278628,,0.0,0.0,4.656085071597545,0.0,2.6505858377316827,0.0,0.0,0.4694414431048699,0.3863601324978276,0.5573139236434486,6.524268504154406,True,,
Joshua_Zirkzee,FWD,Man Utd,64,85.51777579419976,,0.1495261738877218,1.623990523,2.264915404375131,0.0,0.0,0.0,0.2334742718394977,3.984478032590289,0.0,8.071496084256296,0.023493077,True,,
Richarlison_de_Andrade,FWD,Spurs,35,85.36824962031204,,1.623990523,2.264915404375131,0.0,0.0,0.0,0.2334742718394977,3.984478032590289,0.0,8.071496084256296,0.023493077,0.3333764711211131,True,,
Thierno_Barry,FWD,Everton,0,83.74425909750394,summer_transfer,2.264915404375131,0.0,0.0,0.0,0.2334742718394977,3.984478032590289,0.0,8.071496084256296,0.023493077,0.3333764711211131,2.264915404375131,True,,
Dwight_McNeil,MID,Everton,93,83.42576707848612,,1.887080454234109,0.0,0.0,1.611306794541349,0.0,0.0,0.8430836570820475,0.0,0.0,0.086670327,0.6027638220021458,True,,
Guglielmo_Vicario,GK,Spurs,66,82.94334160367652,,19.472274689711803,2.5490709487737107,3.4242002004442043,0.0,0.1285306672563209,2.6867306843442904,2.558200017088033,0.2938188447218408,0.1008168756093326,0.0,0.0,False,1,85.0
Antony_dos_Santos,MID,Man Utd,8,81.53868662425201,,1.611306794541349,0.0,0.0,0.8430836570820475,0.0,0.0,0.086670327,0.6027638220021458,0.4215418285410237,0.029548921,1.014447876342672,True,,
Mason_Mount,MID,Man Utd,25,81.53868662425201,,0.0,1.611306794541349,0.0,0.0,0.8430836570820475,0.0,0.0,0.086670327,0.6027638220021458,0.4215418285410237,0.029548921,True,,
Jadon_Sancho,MID,Man Utd,86,81.53868662425201,,0.0,0.0,1.611306794541349,0.0,0.0,0.8430836570820475,0.0,0.0,0.086670327,0.6027638220021458,0.4215418285410237,True,,
Joel_Piroe,FWD,Leeds,0,81.47934369312881,promoted_team,0.0,0.2334742718394977,3.984478032590289,0.0,8.071496084256296,0.023493077,0.3333764711211131,2.264915404375131,0.0,0.0,0.0,True,,
Zian_Flemming,FWD,Burnley,0,81.47934369312881,promoted_team,0.2334742718394977,3.984478032590289,0.0,8.071496084256296,0.023493077,0.3333764711211131,2.264915404375131,0.0,0.0,0.0,0.0,True,,
Eliezer_Mayenda_Dossou,FWD,Sunderland,0,81.47934369312881,promoted_team,0.0,0.0,0.2334742718394977,3.984478032590289,0.0,8.071496084256296,0.023493077,0.3333764711211131,2.264915404375131,0.0,0.0,True,,
Wilson_Isidor,FWD,Sunderland,0,81.47934369312881,promoted_team,0.0,0.0,0.0,0.2334742718394977,3.984478032590289,0.0,8.071496084256296,0.023493077,0.3333764711211131,2.264915404375131,0.0,True,,
Danny_Welbeck,FWD,Brighton,125,81.24586942128931,,3.984478032590289,0.0,8.071496084256296,0.023493077,0.3333764711211131,2.264915404375131,0.0,0.0,0.0,0.0,0.9704613838042916,False,1,36.0
Jake_O'Brien,DEF,Everton,65,81.07177772674055,,0.0,2.6505858377316827,0.0,0.0,0.4694414431048699,0.3863601324978276,0.5573139236434486,6.524268504154406,0.0,0.6115484143455774,0.0,True,,
Vitalii_Mykolenko,DEF,Everton,121,81.07177772674055,,2.6505858377316827,0.0,0.0,0.4694414431048699,0.3863601324978276,0.5573139236434486,6.524268504154406,0.0,0.6115484143455774,0.0,0.0,True,,
Tomas_Soucek,MID,West Ham,126,79.92737982971066,,0.0,0.0,0.8430836570820475,0.0,0.0,0.086670327,0.6027638220021458,0.4215418285410237,0.029548921,1.014447876342672,0.5239748337745311,True,,
James_Ward_Prowse,MID,West Ham,51,79.92737982971066,,0.8430836570820475,0.0,0.0,0.086670327,0.6027638220021458,0.4215418285410237,0.029548921,1.014447876342672,0.5239748337745311,0.6027638220021743,0.0,True,,
Lucas_Tolentino_Coelho_de_Lima,MID,West Ham,80,79.92737982971066,,0.0,0.8430836570820475,0.0,0.0,0.086670327,0.6027638220021458,0.4215418285410237,0.029548921,1.014447876342672,0.5239748337745311,0.6027638220021743,True,,
Callum_Hudson_Odoi,MID,Nott'm Forest,103,79.08429617262861,,0.0,0.0,0.086670327,0.6027638220021458,0.4215418285410237,0.029548921,1.014447876342672,0.5239748337745311,0.6027638220021743,0.0,0.267892321,True,,
Dango_Ouattara,MID,Bournemouth,111,79.08429617262861,,0.086670327,0.6027638220021458,0.4215418285410237,0.029548921,1.014447876342672,0.5239748337745311,0.6027638220021743,0.0,0.267892321,0.2757736596926747,0.0,True,,
Dan_Ndoye,MID,Nott'm Forest,0,79.08429617262861,summer_transfer,0.0,0.086670327,0.6027638220021458,0.4215418285410237,0.029548921,1.014447876342672,0.5239748337745311,0.6027638220021743,0.0,0.267892321,0.2757736596926747,True,,
Emile_Smith_Rowe,MID,Fulham,114,78.99762584539901,,0.6027638220021458,0.4215418285410237,0.029548921,1.014447876342672,0.5239748337745311,0.6027638220021743,0.0,0.267892321,0.2757736596926747,0.0,0.0,True,,
Maxence_Lacroix,DEF,Crystal Palace,114,78.42119188900887,,0.0,0.0,0.4694414431048699,0.3863601324978276,0.5573139236434486,6.524268504154406,0.0,0.6115484143455774,0.0,0.0,3.6391234917439874,False,2,71.0
Tyrick_Mitchell,DEF,Crystal Palace,123,78.42119188900887,,0.0,0.4694414431048699,0.3863601324978276,0.5573139236434486,6.524268504154406,0.0,0.6115484143455774,0.0,0.0,3.6391234917439874,0.0,True,,
Borna_Sosa,DEF,Crystal Palace,0,78.42119188900887,summer_transfer,0.4694414431048699,0.3863601324978276,0.5573139236434486,6.524268504154406,0.0,0.6115484143455774,0.0,0.0,3.6391234917439874,0.0,0.0,True,,
Youri_Tielemans,MID,Aston Villa,121,78.39486202339687,,0.4215418285410237,0.029548921,1.014447876342672,0.5239748337745311,0.6027638220021743,0.0,0.267892321,0.2757736596926747,0.0,0.0,9.887029245081097,False,2,50.0
Christopher_Nkunku,MID,Chelsea,60,77.97332019485584,,0.029548921,1.014447876342672,0.5239748337745311,0.6027638220021743,0.0,0.267892321,0.2757736596926747,0.0,0.0,9.887029245081097,0.0,True,,
Antonee_Robinson,DEF,Fulham,106,77.95175045,,0.3863601324978276,0.5573139236434486,6.524268504154406,0.0,0.6115484143455774,0.0,0.0,3.6391234917439874,0.0,0.0,0.0,False,1,73.0
Mikel_Merino_Zazon,MID,Arsenal,92,77.94377127404648,,1.014447876342672,0.5239748337745311,0.6027638220021743,0.0,0.267892321,0.2757736596926747,0.0,0.0,9.887029245081097,0.0,1.887080454234109,True,,
Ibrahima_Konate,DEF,Liverpool,106,77.56539031340617,,0.5573139236434486,6.524268504154406,0.0,0.6115484143455774,0.0,0.0,3.6391234917439874,0.0,0.0,0.0,0.0,True,,
Nicolas_Jackson,FWD,Chelsea,121,77.26139138869902,,0.0,8.071496084256296,0.023493077,0.3333764711211131,2.264915404375131,0.0,0.0,0.0,0.0,0.9704613838042916,2.786553204020855,True,,
Liam_Delap,FWD,Chelsea,132,77.26139138869902,summer_transfer,8.071496084256296,0.023493077,0.3333764711211131,2.264915404375131,0.0,0.0,0.0,0.0,0.9704613838042916,2.786553204020855,1.7616476267451802,False,2,86.0
Cristian_Romero,DEF,Spurs,49,77.00807638976272,,6.524268504154406,0.0,0.6115484143455774,0.0,0.0,3.6391234917439874,0.0,0.0,0.0,0.0,0.0,True,,
Hwang_Hee_chan,MID,Wolves,37,76.92932339770381,,0.5239748337745311,0.6027638220021743,0.0,0.267892321,0.2757736596926747,0.0,0.0,9.887029245081097,0.0,1.887080454234109,0.2146416360924377,True,,
Joelinton_Cassio_Apolinario_de_Lira,MID,Newcastle,99,76.40534856392928,,0.6027638220021743,0.0,0.267892321,0.2757736596926747,0.0,0.0,9.887029245081097,0.0,1.887080454234109,0.2146416360924377,0.0,True,,
Mateo_Kovacic,MID,Man City,109,75.80258474,,0.267892321,0.2757736596926747,0.0,0.0,9.887029245081097,0.0,1.887080454234109,0.2146416360924377,0.0,0.0,0.0,True,,
Nico_Gonzalez_Iglesias,MID,Man City,31,75.80258474,summer_transfer,0.0,0.267892321,0.2757736596926747,0.0,0.0,9.887029245081097,0.0,1.887080454234109,0.2146416360924377,0.0,0.0,True,,
Mikkel_Damsgaard,MID,Brentford,131,75.53469242123639,,0.2757736596926747,0.0,0.0,9.887029245081097,0.0,1.887080454234109,0.2146416360924377,0.0,0.0,0.0,0.0,True,,
Solly_March,MID,Brighton,7,75.25891876154371,,9.887029245081097,0.0,1.887080454234109,0.2146416360924377,0.0,0.0,0.0,0.0,0.0,0.0,0.0,True,,
Georginio_Rutter,MID,Brighton,95,75.25891876154371,,0.0,0.0,9.887029245081097,0.0,1.887080454234109,0.2146416360924377,0.0,0.0,0.0,0.0,0.0,True,,
Yankuba_Minteh,MID,Brighton,102,75.25891876154371,,0.0,9.887029245081097,0.0,1.887080454234109,0.2146416360924377,0.0,0.0,0.0,0.0,0.0,0.0,True,,
Keane_Lewis_Potter,DEF,Brentford,94,70.48380788560831,,0.6115484143455774,0.0,0.0,3.6391234917439874,0.0,0.0,0.0,0.0,0.0,2.889936182341785,0.0,True,,
Nathan_Collins,DEF,Brentford,127,70.48380788560831,,0.0,0.6115484143455774,0.0,0.0,3.6391234917439874,0.0,0.0,0.0,0.0,0.0,2.889936182341785,True,,
Ola_Aina,DEF,Nott'm Forest,128,69.87225947126274,,3.6391234917439874,0.0,0.0,0.0,0.0,0.0,2.889936182341785,0.0,0.0,0.0,0.6259219241398455,False,5,53.0
Neco_Williams,DEF,Nott'm Forest,109,69.87225947126274,,0.0,3.6391234917439874,0.0,0.0,0.0,0.0,0.0,2.889936182341785,0.0,0.0,0.0,False,6,67.0
Illia_Zabarnyi,DEF,Bournemouth,94,69.87225947126274,,0.0,0.0,3.6391234917439874,0.0,0.0,0.0,0.0,0.0,2.889936182341785,0.0,0.0,True,,
Igor_Jesus_Maciel_da_Cruz,FWD,Nott'm Forest,0,69.18989530444273,summer_transfer,0.023493077,0.3333764711211131,2.264915404375131,0.0,0.0,0.0,0.0,0.9704613838042916,2.786553204020855,1.7616476267451802,5.550651355,True,,
Gabriel_Fernando_de_Jesus,FWD,Arsenal,42,69.16640222703671,,0.3333764711211131,2.264915404375131,0.0,0.0,0.0,0.0,0.9704613838042916,2.786553204020855,1.7616476267451802,5.550651355,1.2201348194690098,True,,
Norberto_Bercique_Gomes_Betuncal,FWD,Everton,87,68.83302576,,2.264915404375131,0.0,0.0,0.0,0.0,0.9704613838042916,2.786553204020855,1.7616476267451802,5.550651355,1.2201348194690098,0.0,False,5,89.0
Mateo_Joseph_Fernandez_Regatillo,FWD,Leeds,0,66.56811035154047,promoted_team,0.0,0.0,0.9704613838042916,2.786553204020855,1.7616476267451802,5.550651355,1.2201348194690098,0.0,0.3568695485271149,2.256174279209304,0.0,True,,
Lukas_Nmecha,FWD,Leeds,0,66.56811035154047,promoted_team,0.0,0.0,0.0,0.9704613838042916,2.786553204020855,1.7616476267451802,5.550651355,1.2201348194690098,0.0,0.3568695485271149,2.256174279209304,True,,
Lyle_Foster,FWD,Burnley,0,66.56811035154047,promoted_team,0.0,0.0,0.0,0.0,0.9704613838042916,2.786553204020855,1.7616476267451802,5.550651355,1.2201348194690098,0.0,0.3568695485271149,True,,
Patrick_Bamford,FWD,Leeds,0,66.56811035154047,promoted_team,0.9704613838042916,2.786553204020855,1.7616476267451802,5.550651355,1.2201348194690098,0.0,0.3568695485271149,2.256174279209304,0.0,0.008741125,0.0,True,,
Zeki_Amdouni,FWD,Burnley,0,66.56811035154047,promoted_team,0.0,0.9704613838042916,2.786553204020855,1.7616476267451802,5.550651355,1.2201348194690098,0.0,0.3568695485271149,2.256174279209304,0.0,0.008741125,True,,
Trai_Hume,DEF,Sunderland,0,66.23313597951875,promoted_team,2.889936182341785,0.0,0.0,0.0,0.6259219241398455,0.0,0.0,0.0,4.973837203598976,0.0,0.0,True,,
Jayden_Bogle,DEF,Leeds,0,66.23313597951875,promoted_team,0.0,0.0,0.0,0.0,0.0,2.889936182341785,0.0,0.0,0.0,0.6259219241398455,0.0,True,,
Pascal_Struijk,DEF,Leeds,0,66.23313597951875,promoted_team,0.0,0.0,0.0,0.0,2.889936182341785,0.0,0.0,0.0,0.6259219241398455,0.0,0.0,True,,
Connor_Roberts,DEF,Burnley,0,66.23313597951875,promoted_team,0.0,0.0,0.0,2.889936182341785,0.0,0.0,0.0,0.6259219241398455,0.0,0.0,0.0,True,,
Kyle_Walker,DEF,Burnley,13,66.23313597951875,promoted_team,0.0,0.0,2.889936182341785,0.0,0.0,0.0,0.6259219241398455,0.0,0.0,0.0,4.973837203598976,True,,
Daniel_Ballard,DEF,Sunderland,0,66.23313597951875,promoted_team,0.0,2.889936182341785,0.0,0.0,0.0,0.6259219241398455,0.0,0.0,0.0,4.973837203598976,0.0,True,,
Igor_Thiago_Nascimento_Rodrigues,FWD,Brentford,9,65.59764896773618,,2.786553204020855,1.7616476267451802,5.550651355,1.2201348194690098,0.0,0.3568695485271149,2.256174279209304,0.0,0.008741125,0.0,0.0,False,1,84.0
Idrissa_Gana_Gueye,MID,Everton,89,65.37188951646262,,0.0,1.887080454234109,0.2146416360924377,0.0,0.0,0.0,0.0,0.0,0.0,0.0,0.0,True,,
Carlos_Alcaraz_Duran,MID,Everton,44,65.37188951646262,summer_transfer,1.887080454234109,0.2146416360924377,0.0,0.0,0.0,0.0,0.0,0.0,0.0,0.0,0.0,True,,
Carlos_Henrique_Casimiro,MID,Man Utd,48,63.48480906222851,,0.2146416360924377,0.0,0.0,0.0,0.0,0.0,0.0,0.0,0.0,0.0,1.3966651584489114,True,,
Mark_Travers,GK,Everton,19,63.47106691396471,summer_transfer,2.5490709487737107,3.4242002004442043,0.0,0.1285306672563209,2.6867306843442904,2.558200017088033,0.2938188447218408,0.1008168756093326,0.0,0.0,0.0,True,,
Jorrel_Hato,DEF,Chelsea,0,63.343199797176965,summer_transfer,0.6259219241398455,0.0,0.0,0.0,4.973837203598976,0.0,0.0,1.1736535079204486,0.0,0.0,0.0,True,,
Levi_Samuels_Colwill,DEF,Chelsea,109,63.343199797176965,,0.0,0.0,0.6259219241398455,0.0,0.0,0.0,4.973837203598976,0.0,0.0,1.1736535079204486,0.0,False,4,76.0
Malo_Gusto,DEF,Chelsea,60,63.343199797176965,,0.0,0.0,0.0,0.6259219241398455,0.0,0.0,0.0,4.973837203598976,0.0,0.0,1.1736535079204486,True,,
Trevoh_Chalobah,DEF,Chelsea,93,63.343199797176965,,0.0,0.6259219241398455,0.0,0.0,0.0,4.973837203598976,0.0,0.0,1.1736535079204486,0.0,0.0,True,,
Jacob_Bruun_Larsen,MID,Burnley,0,63.27016742613607,promoted_team,0.0,0.0,0.0,0.0,0.0,0.0,0.0,0.0,0.0,1.3966651584489114,0.8430836570820475,True,,
Habib_Diarra,MID,Sunderland,0,63.27016742613607,promoted_team,0.0,0.0,0.0,0.0,1.3966651584489114,0.8430836570820475,0.0,0.0,0.086670327,0.0,0.0,True,,
Brenden_Aaronson,MID,Leeds,0,63.27016742613607,promoted_team,0.0,0.0,1.3966651584489114,0.8430836570820475,0.0,0.0,0.086670327,0.0,0.0,0.0,0.6027638220021458,True,,
Jack_Harrison,MID,Leeds,81,63.27016742613607,promoted_team,1.3966651584489114,0.8430836570820475,0.0,0.0,0.086670327,0.0,0.0,0.0,0.6027638220021458,0.0,0.0,True,,
Daniel_James,MID,Leeds,0,63.27016742613607,promoted_team,0.0,0.0,0.0,0.0,0.0,0.0,0.0,0.0,1.3966651584489114,0.8430836570820475,0.0,True,,
Simon_Adingra,MID,Sunderland,60,63.27016742613607,promoted_team,0.0,0.0,0.0,1.3966651584489114,0.8430836570820475,0.0,0.0,0.086670327,0.0,0.0,0.0,True,,
Patrick_Roberts,MID,Sunderland,0,63.27016742613607,promoted_team,0.0,0.0,0.0,0.0,0.0,1.3966651584489114,0.8430836570820475,0.0,0.0,0.086670327,0.0,True,,
Jaidon_Anthony,MID,Burnley,0,63.27016742613607,promoted_team,0.0,0.0,0.0,0.0,0.0,0.0,1.3966651584489114,0.8430836570820475,0.0,0.0,0.086670327,True,,
Wilfried_Gnonto,MID,Leeds,0,63.27016742613607,promoted_team,0.0,1.3966651584489114,0.8430836570820475,0.0,0.0,0.086670327,0.0,0.0,0.0,0.6027638220021458,0.0,True,,
Manuel_Benson_Hedilazio,MID,Burnley,0,63.27016742613607,promoted_team,0.0,0.0,0.0,0.0,0.0,0.0,0.0,1.3966651584489114,0.8430836570820475,0.0,0.0,True,,
Eddie_Nketiah,FWD,Crystal Palace,53,62.81109576371532,,1.7616476267451802,5.550651355,1.2201348194690098,0.0,0.3568695485271149,2.256174279209304,0.0,0.008741125,0.0,0.0,0.0,True,,
Tino_Livramento,DEF,Newcastle,105,62.71727787303712,,0.0,0.0,0.0,4.973837203598976,0.0,0.0,1.1736535079204486,0.0,0.0,0.0,0.0,False,6,66.0
Kieran_Trippier,DEF,Newcastle,72,62.71727787303712,,0.0,0.0,4.973837203598976,0.0,0.0,1.1736535079204486,0.0,0.0,0.0,0.0,0.0,True,,
Sven_Botman,DEF,Newcastle,18,62.71727787303712,,4.973837203598976,0.0,0.0,1.1736535079204486,0.0,0.0,0.0,0.0,0.0,0.0,0.0,True,,
Dan_Burn,DEF,Newcastle,115,62.71727787303712,,0.0,4.973837203598976,0.0,0.0,1.1736535079204486,0.0,0.0,0.0,0.0,0.0,0.0,True,,
Crysencio_Summerville,MID,West Ham,33,61.87350226768716,,0.8430836570820475,0.0,0.0,0.086670327,0.0,0.0,0.0,0.6027638220021458,0.0,0.0,0.0,True,,
Rodrigo_Muniz_Carvalho,FWD,Fulham,86,61.04944813697014,,5.550651355,1.2201348194690098,0.0,0.3568695485271149,2.256174279209304,0.0,0.008741125,0.0,0.0,0.0,0.0,True,,
Marcus_Tavernier,MID,Bournemouth,87,61.03041861060511,,0.0,0.0,0.086670327,0.0,0.0,0.0,0.6027638220021458,0.0,0.0,0.0,0.0,True,,
Elliot_Anderson,MID,Nott'm Forest,107,61.03041861060511,,0.0,0.086670327,0.0,0.0,0.0,0.6027638220021458,0.0,0.0,0.0,0.0,0.0,True,,
Joao_Pedro_Ferreira_da_Silva,MID,Nott'm Forest,52,61.03041861060511,,0.086670327,0.0,0.0,0.0,0.6027638220021458,0.0,0.0,0.0,0.0,0.0,0.4215418285410237,True,,
Adama_Traore_Diarra,MID,Fulham,95,60.94374828337551,,0.0,0.6027638220021458,0.0,0.0,0.0,0.0,0.0,0.4215418285410237,0.029548921,0.0,0.0,True,,
Harry_Wilson,MID,Fulham,78,60.94374828337551,,0.6027638220021458,0.0,0.0,0.0,0.0,0.0,0.4215418285410237,0.029548921,0.0,0.0,0.0,True,,
Andreas_Hoelgebaum_Pereira,MID,Fulham,81,60.94374828337551,,0.0,0.0,0.0,0.6027638220021458,0.0,0.0,0.0,0.0,0.0,0.4215418285410237,0.029548921,True,,
Ryan_Sessegnon,MID,Fulham,57,60.94374828337551,,0.0,0.0,0.6027638220021458,0.0,0.0,0.0,0.0,0.0,0.4215418285410237,0.029548921,0.0,True,,
Kepa_Arrizabalaga_Revuelta,GK,Arsenal,106,60.92199597,summer_transfer,3.4242002004442043,0.0,0.1285306672563209,2.6867306843442904,2.558200017088033,0.2938188447218408,0.1008168756093326,0.0,0.0,0.0,0.0,True,,
John_McGinn,MID,Aston Villa,78,60.34098446137337,,0.0,0.0,0.0,0.0,0.4215418285410237,0.029548921,0.0,0.0,0.0,1.014447876342672,0.0,True,,
Samuel_Iling_Junior,MID,Aston Villa,0,60.34098446137337,,0.0,0.0,0.0,0.0,0.0,0.4215418285410237,0.029548921,0.0,0.0,0.0,1.014447876342672,True,,
Donyell_Malen,MID,Aston Villa,34,60.34098446137337,jan_transfer,0.0,0.4215418285410237,0.029548921,0.0,0.0,0.0,1.014447876342672,0.0,0.0,0.0,0.0,True,,
Jacob_Ramsey,MID,Aston Villa,66,60.34098446137337,,0.0,0.0,0.4215418285410237,0.029548921,0.0,0.0,0.0,1.014447876342672,0.0,0.0,0.0,True,,
Emiliano_Buendia_Stati,MID,Aston Villa,11,60.34098446137337,,0.4215418285410237,0.029548921,0.0,0.0,0.0,1.014447876342672,0.0,0.0,0.0,0.0,0.0,True,,
Leon_Bailey,MID,Aston Villa,47,60.34098446137337,,0.0,0.0,0.0,0.4215418285410237,0.029548921,0.0,0.0,0.0,1.014447876342672,0.0,0.0,True,,
Moises_Caicedo_Corozo,MID,Chelsea,98,59.91944263283234,,0.029548921,0.0,0.0,0.0,1.014447876342672,0.0,0.0,0.0,0.0,0.0,0.0,True,,
Ethan_Nwaneri,MID,Arsenal,66,59.88989371202298,,0.0,1.014447876342672,0.0,0.0,0.0,0.0,0.0,0.0,0.5239748337745311,0.6027638220021814,0.0,True,,
Christian_Norgaard,MID,Arsenal,107,59.88989371202298,summer_transfer,1.014447876342672,0.0,0.0,0.0,0.0,0.0,0.0,0.5239748337745311,0.6027638220021814,0.0,0.0,True,,
Fabio_Ferreira_Vieira,MID,Arsenal,0,59.88989371202298,,0.0,0.0,1.014447876342672,0.0,0.0,0.0,0.0,0.0,0.0,0.5239748337745311,0.6027638220021814,True,,
Martin_Zubimendi_Ibanez,MID,Arsenal,0,59.88989371202298,summer_transfer,0.0,0.0,0.0,1.014447876342672,0.0,0.0,0.0,0.0,0.0,0.0,0.5239748337745311,True,,
Goncalo_Manuel_Ganchinho_Guedes,MID,Wolves,62,58.87544583568031,,0.0,0.0,0.0,0.0,0.0,0.0,0.5239748337745311,0.6027638220021814,0.0,0.0,0.0,True,,
Fer_Lopez_Gonzalez,MID,Wolves,0,58.87544583568031,summer_transfer,0.0,0.0,0.0,0.0,0.0,0.5239748337745311,0.6027638220021814,0.0,0.0,0.0,0.267892321,True,,
Andre_Trindade_da_Costa_Neto,MID,Wolves,61,58.87544583568031,,0.0,0.0,0.0,0.5239748337745311,0.6027638220021814,0.0,0.0,0.0,0.267892321,0.2757736596926676,0.0,True,,
Jean_Ricner_Bellegarde,MID,Wolves,90,58.87544583568031,,0.0,0.0,0.5239748337745311,0.6027638220021814,0.0,0.0,0.0,0.267892321,0.2757736596926676,0.0,0.0,True,,
Marshall_Munetsi,MID,Wolves,50,58.87544583568031,summer_transfer,0.0,0.5239748337745311,0.6027638220021814,0.0,0.0,0.0,0.267892321,0.2757736596926676,0.0,0.0,0.0,True,,
Jhon_Arias,MID,Wolves,0,58.87544583568031,summer_transfer,0.5239748337745311,0.6027638220021814,0.0,0.0,0.0,0.267892321,0.2757736596926676,0.0,0.0,0.0,0.0,True,,
Joao_Victor_Gomes_da_Silva,MID,Wolves,87,58.87544583568031,,0.0,0.0,0.0,0.0,0.5239748337745311,0.6027638220021814,0.0,0.0,0.0,0.267892321,0.2757736596926676,True,,
Sandro_Tonali,MID,Newcastle,106,58.35147100190578,,0.6027638220021814,0.0,0.0,0.0,0.267892321,0.2757736596926676,0.0,0.0,0.0,0.0,0.3191088233074879,True,,
James_McAtee,MID,Man City,31,57.74870718,,0.0,0.0,0.0,0.267892321,0.2757736596926676,0.0,0.0,0.0,0.0,0.3191088233074879,0.0,True,,
Oscar_Bobb,MID,Man City,3,57.74870718,,0.0,0.267892321,0.2757736596926676,0.0,0.0,0.0,0.0,0.3191088233074879,0.0,0.0,0.0,True,,
Tijjani_Reijnders,MID,Man City,0,57.74870718,summer_transfer,0.267892321,0.2757736596926676,0.0,0.0,0.0,0.0,0.3191088233074879,0.0,0.0,0.0,0.0,True,,
Claudio_Echeverri,MID,Man City,1,57.74870718,,0.0,0.0,0.267892321,0.2757736596926676,0.0,0.0,0.0,0.0,0.3191088233074879,0.0,0.0,True,,
Vitor_de_Oliveira_Nunes_dos_Reis,DEF,Man City,1,57.743440669438144,jan_transfer,1.1736535079204486,0.0,0.0,0.0,0.0,0.0,0.0,0.0,0.0,1.872974602488228,0.0,True,,
Rico_Lewis,DEF,Man City,66,57.743440669438144,,0.0,0.0,1.1736535079204486,0.0,0.0,0.0,0.0,0.0,0.0,0.0,0.0,True,,
Nico_O'Reilly,DEF,Man City,31,57.743440669438144,,0.0,1.1736535079204486,0.0,0.0,0.0,0.0,0.0,0.0,0.0,0.0,1.872974602488228,True,,
Dorde_Petrovic,GK,Bournemouth,0,57.49779576,summer_transfer,0.1285306672563209,2.6867306843442904,2.558200017088033,0.2938188447218408,0.1008168756093326,0.0,0.0,0.0,0.0,2.849061188790472,1.126104540640199,True,,
Norberto_Murara_Neto,GK,Bournemouth,7,57.49779576,,0.0,0.1285306672563209,2.6867306843442904,2.558200017088033,0.2938188447218408,0.1008168756093326,0.0,0.0,0.0,0.0,2.849061188790472,True,,
Antoni_Milambo,MID,Brentford,0,57.48081485921288,summer_transfer,0.2757736596926676,0.0,0.0,0.0,0.0,0.3191088233074879,0.0,0.0,0.0,0.0,2.2810497971642576,True,,
Filip_Jorgensen,GK,Chelsea,18,57.36926509749048,,2.6867306843442904,2.558200017088033,0.2938188447218408,0.1008168756093326,0.0,0.0,0.0,0.0,2.849061188790472,1.126104540640199,0.0,True,,
Jack_Hinshelwood,MID,Brighton,89,57.20504119952021,,0.0,0.0,0.0,0.0,0.3191088233074879,0.0,0.0,0.0,0.0,2.2810497971642576,0.0,True,,
Abdallah_Sima,MID,Brighton,0,57.20504119952021,,0.3191088233074879,0.0,0.0,0.0,0.0,2.2810497971642576,0.0,0.0,7.286870624609342,0.0,1.887080454234116,True,,
Matt_O'Riley,MID,Brighton,50,57.20504119952021,,0.0,0.3191088233074879,0.0,0.0,0.0,0.0,2.2810497971642576,0.0,0.0,7.286870624609342,0.0,True,,
Julio_Enciso_Espinola,MID,Brighton,59,57.20504119952021,,0.0,0.0,0.3191088233074879,0.0,0.0,0.0,0.0,2.2810497971642576,0.0,0.0,7.286870624609342,True,,
Brajan_Gruda,MID,Brighton,45,57.20504119952021,,0.0,0.0,0.0,0.3191088233074879,0.0,0.0,0.0,0.0,2.2810497971642576,0.0,0.0,True,,
Lucas_Bergvall,MID,Spurs,44,56.88593237621272,,2.2810497971642576,0.0,0.0,7.286870624609342,0.0,1.887080454234116,0.0,0.2146416360924377,0.0,0.0,0.0,True,,
Rodrigo_Bentancur,MID,Spurs,49,56.88593237621272,,0.0,0.0,0.0,2.2810497971642576,0.0,0.0,7.286870624609342,0.0,1.887080454234116,0.0,0.2146416360924377,True,,
Yves_Bissouma,MID,Spurs,50,56.88593237621272,,0.0,0.0,0.0,0.0,2.2810497971642576,0.0,0.0,7.286870624609342,0.0,1.887080454234116,0.0,True,,
Wilson_Odobert,MID,Spurs,34,56.88593237621272,,0.0,2.2810497971642576,0.0,0.0,7.286870624609342,0.0,1.887080454234116,0.0,0.2146416360924377,0.0,0.0,True,,
Manor_Solomon,MID,Spurs,0,56.88593237621272,,0.0,0.0,2.2810497971642576,0.0,0.0,7.286870624609342,0.0,1.887080454234116,0.0,0.2146416360924377,0.0,True,,
Kyle_Walker_Peters,DEF,West Ham,0,56.569787161517695,summer_transfer,0.0,0.0,0.0,0.0,0.0,0.0,0.0,0.0,1.872974602488228,0.0,0.0,True,,
Ollie_Scarles,DEF,West Ham,29,56.569787161517695,,0.0,0.0,0.0,0.0,0.0,0.0,0.0,1.872974602488228,0.0,0.0,0.0,True,,
Emerson_Palmieri_dos_Santos,DEF,West Ham,76,56.569787161517695,,0.0,0.0,0.0,0.0,0.0,0.0,1.872974602488228,0.0,0.0,0.0,0.0,True,,
Maximilian_Kilman,DEF,West Ham,82,56.569787161517695,,0.0,0.0,0.0,0.0,0.0,1.872974602488228,0.0,0.0,0.0,0.0,0.0,True,,
Konstantinos_Mavropanos,DEF,West Ham,45,56.569787161517695,,0.0,0.0,0.0,0.0,1.872974602488228,0.0,0.0,0.0,0.0,0.0,0.0,True,,
Nayef_Aguerd,DEF,West Ham,0,56.569787161517695,,0.0,0.0,0.0,1.872974602488228,0.0,0.0,0.0,0.0,0.0,0.0,0.8318457259455272,True,,
Jean_Clair_Todibo,DEF,West Ham,54,56.569787161517695,summer_transfer,0.0,1.872974602488228,0.0,0.0,0.0,0.0,0.0,0.0,0.8318457259455272,0.7090032347470014,0.0,True,,
El_Hadji_Malick_Diouf,DEF,West Ham,0,56.569787161517695,summer_transfer,1.872974602488228,0.0,0.0,0.0,0.0,0.0,0.0,0.8318457259455272,0.7090032347470014,0.0,0.0,True,,
Aaron_Wan_Bissaka,DEF,West Ham,118,56.569787161517695,,0.0,0.0,1.872974602488228,0.0,0.0,0.0,0.0,0.0,0.0,0.8318457259455272,0.7090032347470014,False,6,79.0
Darwin_Nunez_Ribeiro,FWD,Liverpool,66,55.49879678232338,,1.2201348194690098,0.0,0.3568695485271149,2.256174279209304,0.0,0.008741125,0.0,0.0,0.0,0.0,0.2334742718394693,True,,
Toti_Gomes,DEF,Wolves,79,54.69681255902947,,0.0,0.0,0.0,0.0,0.0,0.0,0.8318457259455272,0.7090032347470014,0.0,0.0,0.0,True,,
Rodrigo_Martins_Gomes,DEF,Wolves,42,54.69681255902947,,0.8318457259455272,0.7090032347470014,0.0,0.0,0.0,0.0,0.0,4.656085071597545,0.0,0.0,0.0,True,,
Hugo_Bueno_Lopez,DEF,Wolves,0,54.69681255902947,,0.0,0.8318457259455272,0.7090032347470014,0.0,0.0,0.0,0.0,0.0,4.656085071597545,0.0,0.0,True,,
Yerson_Mosquera_Valdelamar,DEF,Wolves,3,54.69681255902947,,0.0,0.0,0.8318457259455272,0.7090032347470014,0.0,0.0,0.0,0.0,0.0,4.656085071597545,0.0,True,,
Santiago_Ignacio_Bueno,DEF,Wolves,52,54.69681255902947,,0.0,0.0,0.0,0.8318457259455272,0.7090032347470014,0.0,0.0,0.0,0.0,0.0,4.656085071597545,True,,
Matt_Doherty,DEF,Wolves,75,54.69681255902947,,0.0,0.0,0.0,0.0,0.8318457259455272,0.7090032347470014,0.0,0.0,0.0,0.0,0.0,True,,
Emmanuel_Agbadou,DEF,Wolves,45,54.69681255902947,jan_transfer,0.0,0.0,0.0,0.0,0.0,0.8318457259455272,0.7090032347470014,0.0,0.0,0.0,0.0,True,,
Marco_Bizot,GK,Aston Villa,0,54.682534413146186,summer_transfer,2.558200017088033,0.2938188447218408,0.1008168756093326,0.0,0.0,0.0,0.0,2.849061188790472,1.126104540640199,0.0,1.9951477467678915,True,,
Curtis_Jones,MID,Liverpool,87,54.604882579048464,,0.0,7.286870624609342,0.0,1.887080454234116,0.0,0.2146416360924377,0.0,0.0,0.0,0.0,0.0,True,,
Harvey_Elliott,MID,Liverpool,33,54.604882579048464,,0.0,0.0,7.286870624609342,0.0,1.887080454234116,0.0,0.2146416360924377,0.0,0.0,0.0,0.0,True,,
Ryan_Gravenberch,MID,Liverpool,92,54.604882579048464,,7.286870624609342,0.0,1.887080454234116,0.0,0.2146416360924377,0.0,0.0,0.0,0.0,0.0,0.0,True,,
Taiwo_Awoniyi,FWD,Nott'm Forest,32,54.27866196285437,,0.3568695485271149,2.256174279209304,0.0,0.008741125,0.0,0.0,0.0,0.0,0.2334742718394693,0.0,3.5235403159856986,True,,
Enes_Unal,FWD,Bournemouth,32,54.27866196285437,,0.0,0.3568695485271149,2.256174279209304,0.0,0.008741125,0.0,0.0,0.0,0.0,0.2334742718394693,0.0,True,,
Youssef_Ramalho_Chermiti,FWD,Everton,3,53.92179241432726,,2.256174279209304,0.0,0.008741125,0.0,0.0,0.0,0.0,0.2334742718394693,0.0,3.5235403159856986,2.8098012189314545,True,,
Oleksandr_Zinchenko,DEF,Arsenal,40,53.86496683308394,,0.7090032347470014,0.0,0.0,0.0,0.0,0.0,4.656085071597545,0.0,0.0,0.0,2.6505858377316827,True,,
Diogo_Dalot_Teixeira,DEF,Man Utd,95,53.15596359833694,,0.0,0.0,4.656085071597545,0.0,0.0,0.0,2.6505858377316827,0.0,0.4694414431048699,0.0,0.0,True,,
Diego_Leon_Blanco,DEF,Man Utd,0,53.15596359833694,summer_transfer,0.0,0.0,0.0,0.0,0.0,4.656085071597545,0.0,0.0,0.0,2.6505858377316827,0.0,True,,
Harry_Maguire,DEF,Man Utd,48,53.15596359833694,,0.0,0.0,0.0,0.0,4.656085071597545,0.0,0.0,0.0,2.6505858377316827,0.0,0.4694414431048699,True,,
Patrick_Dorgu,DEF,Man Utd,18,53.15596359833694,summer_transfer,0.0,0.0,0.0,4.656085071597545,0.0,0.0,0.0,2.6505858377316827,0.0,0.4694414431048699,0.0,True,,
Leny_Yoro,DEF,Man Utd,22,53.15596359833694,,0.0,4.656085071597545,0.0,0.0,0.0,2.6505858377316827,0.0,0.4694414431048699,0.0,0.0,0.0,True,,
Luke_Shaw,DEF,Man Utd,5,53.15596359833694,,4.656085071597545,0.0,0.0,0.0,2.6505858377316827,0.0,0.4694414431048699,0.0,0.0,0.0,0.0,True,,
Alphonse_Areola,GK,West Ham,69,52.12433439605815,,0.2938188447218408,0.1008168756093326,0.0,0.0,0.0,0.0,2.849061188790472,1.126104540640199,0.0,1.9951477467678915,0.0,True,,
Giorgi_Mamardashvili,GK,Liverpool,0,51.83051555133631,,0.1008168756093326,0.0,0.0,0.0,0.0,2.849061188790472,1.126104540640199,0.0,1.9951477467678915,0.0,20.249544738792387,True,,
Max_Weiss,GK,Burnley,0,51.72969867572698,promoted_team,0.0,2.849061188790472,1.126104540640199,0.0,1.9951477467678915,0.0,20.249544738792387,2.549070949,0.0,3.4242002004442647,0.0,True,,
Illan_Meslier,GK,Leeds,0,51.72969867572698,promoted_team,0.0,0.0,2.849061188790472,1.126104540640199,0.0,1.9951477467678915,0.0,20.249544738792387,2.549070949,0.0,3.4242002004442647,True,,
Robin_Roefs,GK,Sunderland,0,51.72969867572698,promoted_team,2.849061188790472,1.126104540640199,0.0,1.9951477467678915,0.0,20.249544738792387,2.549070949,0.0,3.4242002004442647,0.0,0.0,True,,
Anthony_Patterson,GK,Sunderland,0,51.72969867572698,promoted_team,0.0,0.0,0.0,2.849061188790472,1.126104540640199,0.0,1.9951477467678915,0.0,20.249544738792387,2.549070949,0.0,True,,
Lucas_Estella_Perri,GK,Leeds,0,51.72969867572698,promoted_team,0.0,0.0,0.0,0.0,2.849061188790472,1.126104540640199,0.0,1.9951477467678915,0.0,20.249544738792387,2.549070949,True,,
Sasa_Kalajdzic,FWD,Wolves,0,51.66561813511795,,0.0,0.008741125,0.0,0.0,0.0,0.0,0.2334742718394693,0.0,3.5235403159856986,2.8098012189314545,3.2694558490297467,True,,
Fabio_Soares_Silva,FWD,Wolves,0,51.66561813511795,,0.008741125,0.0,0.0,0.0,0.0,0.2334742718394693,0.0,3.5235403159856986,2.8098012189314545,3.2694558490297467,1.0365295847310063,True,,
Michael_Obafemi,FWD,Burnley,0,51.656877009952126,promoted_team,0.0,0.2334742718394693,0.0,3.5235403159856986,2.8098012189314545,3.2694558490297467,1.0365295847310063,0.0,1.773516696695836,2.256174279209304,0.0,True,,
Ashley_Barnes,FWD,Burnley,0,51.656877009952126,promoted_team,0.2334742718394693,0.0,3.5235403159856986,2.8098012189314545,3.2694558490297467,1.0365295847310063,0.0,1.773516696695836,2.256174279209304,0.0,0.2422153970052889,True,,
Luis_Hemir_Silva_Semedo,FWD,Sunderland,0,51.656877009952126,promoted_team,0.0,0.0,0.0,0.2334742718394693,0.0,3.5235403159856986,2.8098012189314545,3.2694558490297467,1.0365295847310063,0.0,1.773516696695836,True,,
Nazarii_Rusyn,FWD,Sunderland,0,51.656877009952126,promoted_team,0.0,0.0,0.2334742718394693,0.0,3.5235403159856986,2.8098012189314545,3.2694558490297467,1.0365295847310063,0.0,1.773516696695836,2.256174279209304,True,,
Ahmed_Abdullahi,FWD,Sunderland,0,51.656877009952126,promoted_team,0.0,0.0,0.0,0.0,0.2334742718394693,0.0,3.5235403159856986,2.8098012189314545,3.2694558490297467,1.0365295847310063,0.0,True,,
Evan_Ferguson,FWD,Brighton,28,51.42340273811266,,0.0,3.5235403159856986,2.8098012189314545,3.2694558490297467,1.0365295847310063,0.0,1.773516696695836,2.256174279209304,0.0,0.2422153970052889,3.5235403159857057,True,,
Stefanos_Tzimas,FWD,Brighton,0,51.42340273811266,summer_transfer,3.5235403159856986,2.8098012189314545,3.2694558490297467,1.0365295847310063,0.0,1.773516696695836,2.256174279209304,0.0,0.2422153970052889,3.5235403159857057,6.689966020948887,True,,
Caoimhin_Kelleher,GK,Brentford,45,48.88063748693651,summer_transfer,1.126104540640199,0.0,1.9951477467678915,0.0,20.249544738792387,2.549070949,0.0,3.4242002004442647,0.0,0.0,0.0,False,5,80.0
Michael_Keane,DEF,Everton,48,48.499878526739394,,0.0,0.0,2.6505858377316827,0.0,0.4694414431048699,0.0,0.0,0.0,0.0,0.0,0.3863601324978845,True,,
Seamus_Coleman,DEF,Everton,5,48.499878526739394,,0.0,2.6505858377316827,0.0,0.4694414431048699,0.0,0.0,0.0,0.0,0.0,0.3863601324978845,0.0,True,,
Adam_Aznou,DEF,Everton,0,48.499878526739394,summer_transfer,2.6505858377316827,0.0,0.4694414431048699,0.0,0.0,0.0,0.0,0.0,0.3863601324978845,0.0,0.0,True,,
Nathan_Patterson,DEF,Everton,14,48.499878526739394,,0.0,0.0,0.0,2.6505858377316827,0.0,0.4694414431048699,0.0,0.0,0.0,0.0,0.0,True,,
Odsonne_Edouard,FWD,Crystal Palace,7,47.89986242212696,,2.8098012189314545,3.2694558490297467,1.0365295847310063,0.0,1.773516696695836,2.256174279209304,0.0,0.2422153970052889,3.5235403159857057,6.689966020948887,0.5753468056310389,True,,
Bart_Verbruggen,GK,Brighton,103,47.75453294629631,,1.9951477467678915,0.0,20.249544738792387,2.549070949,0.0,3.4242002004442647,0.0,0.0,0.0,0.0,0.1285306672562569,True,,
Jason_Steele,GK,Brighton,9,47.75453294629631,,0.0,1.9951477467678915,0.0,20.249544738792387,2.549070949,0.0,3.4242002004442647,0.0,0.0,0.0,0.0,True,,
Tim_Iroegbunam,MID,Everton,22,47.31801195443912,,1.887080454234116,0.0,0.2146416360924377,0.0,0.0,0.0,0.0,0.0,0.0,0.0,0.0,True,,
James_Garner,MID,Everton,42,47.31801195443912,,0.0,1.887080454234116,0.0,0.2146416360924377,0.0,0.0,0.0,0.0,0.0,0.0,0.0,True,,
Chris_Richards,DEF,Crystal Palace,68,45.84929268900771,,0.4694414431048699,0.0,0.0,0.0,0.0,0.0,0.3863601324978845,0.0,0.0,0.5573139236433917,0.0,True,,
Marc_Guehi,DEF,Crystal Palace,116,45.84929268900771,,0.0,0.4694414431048699,0.0,0.0,0.0,0.0,0.0,0.3863601324978845,0.0,0.0,0.5573139236433917,True,,
Sam_Johnstone,GK,Wolves,12,45.75938519952842,,0.0,20.249544738792387,2.549070949,0.0,3.4242002004442647,0.0,0.0,0.0,0.0,0.1285306672562569,0.0,True,,
Jose_Malheiro_de_Sa,GK,Wolves,93,45.75938519952842,,20.249544738792387,2.549070949,0.0,3.4242002004442647,0.0,0.0,0.0,0.0,0.1285306672562569,0.0,0.1346167127991862,True,,
Kobbie_Mainoo,MID,Man Utd,42,45.430931500205006,,0.2146416360924377,0.0,0.0,0.0,0.0,0.0,0.0,0.0,0.0,0.0,0.0,True,,
Manuel_Ugarte_Ribeiro,MID,Man Utd,49,45.430931500205006,,0.0,0.2146416360924377,0.0,0.0,0.0,0.0,0.0,0.0,0.0,0.0,0.0,True,,
Timothy_Castagne,DEF,Fulham,46,45.37985124590284,,0.0,0.0,0.3863601324978845,0.0,0.0,0.5573139236433917,0.0,0.0,0.0,0.0,0.0,True,,
Joachim_Andersen,DEF,Fulham,51,45.37985124590284,,0.0,0.0,0.0,0.3863601324978845,0.0,0.0,0.5573139236433917,0.0,0.0,0.0,0.0,True,,
Issa_Diop,DEF,Fulham,31,45.37985124590284,,0.0,0.0,0.0,0.0,0.3863601324978845,0.0,0.0,0.5573139236433917,0.0,0.0,0.0,True,,
Kenny_Tete,DEF,Fulham,49,45.37985124590284,,0.0,0.0,0.0,0.0,0.0,0.3863601324978845,0.0,0.0,0.5573139236433917,0.0,0.0,True,,
Calvin_Bassey,DEF,Fulham,75,45.37985124590284,,0.0,0.3863601324978845,0.0,0.0,0.5573139236433917,0.0,0.0,0.0,0.0,0.0,4.030163147457756,True,,
Jorge_Cuenca_Barreno,DEF,Fulham,9,45.37985124590284,,0.3863601324978845,0.0,0.0,0.5573139236433917,0.0,0.0,0.0,0.0,0.0,4.030163147457756,0.0,True,,
Ethan_Ampadu,MID,Leeds,0,45.21628986411257,promoted_team,0.0,0.0,0.0,0.0,0.0,0.0,0.0,0.0,0.0,0.0,0.0,True,,
Loum_Tchaouna,MID,Burnley,0,45.21628986411257,promoted_team,0.0,0.0,0.0,0.0,1.150440419565598,0.0,0.0,0.0,0.0,0.0,0.2462247388833134,True,,
Josh_Laurent,MID,Burnley,0,45.21628986411257,promoted_team,0.0,0.0,0.0,0.0,0.0,1.150440419565598,0.0,0.0,0.0,0.0,0.0,True,,
Luca_Koleosho,MID,Burnley,0,45.21628986411257,promoted_team,0.0,0.0,0.0,0.0,0.0,0.0,1.150440419565598,0.0,0.0,0.0,0.0,True,,
Anton_Stach,MID,Leeds,0,45.21628986411257,promoted_team,0.0,0.0,0.0,0.0,0.0,0.0,0.0,1.150440419565598,0.0,0.0,0.0,True,,
Enzo_Le_Fee,MID,Sunderland,0,45.21628986411257,promoted_team,0.0,0.0,0.0,0.0,0.0,0.0,0.0,0.0,1.150440419565598,0.0,0.0,True,,
Romaine_Mundle,MID,Sunderland,0,45.21628986411257,promoted_team,0.0,0.0,0.0,0.0,0.0,0.0,0.0,0.0,0.0,1.150440419565598,0.0,True,,
Dan_Neil,MID,Sunderland,0,45.21628986411257,promoted_team,0.0,0.0,0.0,0.0,0.0,0.0,0.0,0.0,0.0,0.0,1.150440419565598,True,,
Ian_Poveda_Ocampo,MID,Sunderland,0,45.21628986411257,promoted_team,0.0,0.0,0.0,0.0,0.0,0.0,0.0,0.0,0.0,0.0,0.0,True,,
Chris_Rigg,MID,Sunderland,0,45.21628986411257,promoted_team,0.0,0.0,0.0,0.0,0.0,0.0,0.0,0.0,0.0,0.0,0.0,True,,
Noah_Sadiki,MID,Sunderland,0,45.21628986411257,promoted_team,0.0,0.0,0.0,0.0,0.0,0.0,0.0,0.0,0.0,0.0,0.0,True,,
Chemsdine_Talbi,MID,Sunderland,0,45.21628986411257,promoted_team,0.0,0.0,0.0,0.0,0.0,0.0,0.0,0.0,0.0,0.0,0.0,True,,
Sean_Longstaff,MID,Leeds,34,45.21628986411257,promoted_team,0.0,0.0,0.0,0.0,0.0,0.0,0.0,0.0,0.0,0.0,0.0,True,,
Milan_Aleksic,MID,Sunderland,0,45.21628986411257,promoted_team,0.0,0.0,0.0,0.0,0.0,0.0,0.0,0.0,0.0,0.0,0.0,True,,
Granit_Xhaka,MID,Sunderland,0,45.21628986411257,promoted_team,0.0,0.0,0.0,0.0,0.0,0.0,0.0,0.0,0.0,0.0,0.0,True,,
Largie_Ramazani,MID,Leeds,0,45.21628986411257,promoted_team,0.0,0.0,0.0,0.0,0.0,0.0,0.0,0.0,0.0,0.0,0.0,True,,
Tanaka_Ao,MID,Leeds,0,45.21628986411257,promoted_team,0.0,0.0,0.0,0.0,0.0,0.0,0.0,0.0,0.0,0.0,0.0,True,,
Sam_Greenwood,MID,Leeds,0,45.21628986411257,promoted_team,0.0,0.0,0.0,0.0,0.0,0.0,0.0,0.0,0.0,0.0,0.0,True,,
Ilia_Gruev,MID,Leeds,0,45.21628986411257,promoted_team,0.0,0.0,0.0,0.0,0.0,0.0,0.0,0.0,0.0,0.0,0.0,True,,
Hannibal_Mejbri,MID,Burnley,0,45.21628986411257,promoted_team,0.0,0.0,0.0,0.0,0.0,0.0,0.0,0.0,0.0,0.0,0.0,True,,
Marcus_Edwards,MID,Burnley,0,45.21628986411257,promoted_team,0.0,0.0,0.0,1.150440419565598,0.0,0.0,0.0,0.0,0.0,0.2462247388833134,0.0,True,,
Josh_Cullen,MID,Burnley,0,45.21628986411257,promoted_team,0.0,0.0,1.150440419565598,0.0,0.0,0.0,0.0,0.0,0.2462247388833134,0.0,0.0,True,,
Enock_Agyei,MID,Burnley,0,45.21628986411257,promoted_team,1.150440419565598,0.0,0.0,0.0,0.0,0.0,0.2462247388833134,0.0,0.0,0.0,0.8430836570820475,True,,
Darko_Churlinov,MID,Burnley,0,45.21628986411257,promoted_team,0.0,1.150440419565598,0.0,0.0,0.0,0.0,0.0,0.2462247388833134,0.0,0.0,0.0,True,,
William_Osula,FWD,Newcastle,19,45.0900612,,3.2694558490297467,1.0365295847310063,0.0,1.773516696695836,2.256174279209304,0.0,0.2422153970052889,3.5235403159857057,6.689966020948887,0.5753468056310389,0.0,True,,
Konstantinos_Tsimikas,DEF,Liverpool,43,44.99349111340496,,0.0,0.0,0.5573139236433917,0.0,0.0,0.0,0.0,0.0,4.030163147457756,0.0,0.0,True,,
Joe_Gomez,DEF,Liverpool,14,44.99349111340496,,0.0,0.5573139236433917,0.0,0.0,0.0,0.0,0.0,4.030163147457756,0.0,0.0,0.0,True,,
Conor_Bradley,DEF,Liverpool,41,44.99349111340496,,0.5573139236433917,0.0,0.0,0.0,0.0,0.0,4.030163147457756,0.0,0.0,0.0,0.0,True,,
Kevin_Danso,DEF,Spurs,16,44.436177189761565,summer_transfer,4.030163147457756,0.0,0.0,0.0,0.0,0.0,1.2518438482797478,0.0,0.0,0.0,0.0,True,,
Micky_van_de_Ven,DEF,Spurs,32,44.436177189761565,,0.0,4.030163147457756,0.0,0.0,0.0,0.0,0.0,1.2518438482797478,0.0,0.0,0.0,True,,
Destiny_Udogie,DEF,Spurs,43,44.436177189761565,,0.0,0.0,4.030163147457756,0.0,0.0,0.0,0.0,0.0,1.2518438482797478,0.0,0.0,True,,
Ben_Davies,DEF,Spurs,28,44.436177189761565,,0.0,0.0,0.0,4.030163147457756,0.0,0.0,0.0,0.0,0.0,1.2518438482797478,0.0,True,,
Radu_Dragusin,DEF,Spurs,24,44.436177189761565,,0.0,0.0,0.0,0.0,4.030163147457756,0.0,0.0,0.0,0.0,0.0,1.2518438482797478,True,,
Djed_Spence,DEF,Spurs,51,44.436177189761565,,0.0,0.0,0.0,0.0,0.0,4.030163147457756,0.0,0.0,0.0,0.0,0.0,True,,
Daichi_Kamada,MID,Crystal Palace,45,44.06584944454697,,0.2462247388833134,0.0,0.0,0.0,0.8430836570820475,0.0,0.0,0.0,0.0,0.0,0.0,True,,
Cheick_Doucoure,MID,Crystal Palace,19,44.06584944454697,,0.0,0.2462247388833134,0.0,0.0,0.0,0.8430836570820475,0.0,0.0,0.0,0.0,0.0,True,,
Adam_Wharton,MID,Crystal Palace,42,44.06584944454697,,0.0,0.0,0.2462247388833134,0.0,0.0,0.0,0.8430836570820475,0.0,0.0,0.0,0.0,True,,
Jefferson_Lerma_Solis,MID,Crystal Palace,58,44.06584944454697,,0.0,0.0,0.0,0.2462247388833134,0.0,0.0,0.0,0.8430836570820475,0.0,0.0,0.0,True,,
Romain_Esse,MID,Crystal Palace,22,44.06584944454697,jan_transfer,0.0,0.0,0.0,0.0,0.2462247388833134,0.0,0.0,0.0,0.8430836570820475,0.0,0.0,True,,
Will_Hughes,MID,Crystal Palace,67,44.06584944454697,,0.0,0.0,0.0,0.0,0.0,0.2462247388833134,0.0,0.0,0.0,0.8430836570820475,0.0,True,,
Luis_Guilherme_Lira_dos_Santos,MID,West Ham,12,43.81962470566366,,0.8430836570820475,0.0,0.0,0.0,0.0,0.0,0.0,0.0,0.0,0.0,0.0,True,,
Guido_Rodriguez,MID,West Ham,36,43.81962470566366,,0.0,0.8430836570820475,0.0,0.0,0.0,0.0,0.0,0.0,0.0,0.0,0.0,True,,
Edson_Alvarez_Velazquez,MID,West Ham,40,43.81962470566366,,0.0,0.0,0.0,0.8430836570820475,0.0,0.0,0.0,0.0,0.0,0.0,0.0,True,,
Maxwel_Cornet,MID,West Ham,1,43.81962470566366,,0.0,0.0,0.8430836570820475,0.0,0.0,0.0,0.0,0.0,0.0,0.0,0.0,True,,
David_Brooks,MID,Bournemouth,52,42.97654104858161,,0.0,0.0,0.0,0.0,0.0,0.0,0.0,0.0,0.0,0.0,0.086670327,True,,
Lewis_O'Brien,MID,Nott'm Forest,0,42.97654104858161,,0.0,0.0,0.0,0.0,0.0,0.0,0.0,0.0,0.086670327,0.0,0.0,True,,
Philip_Billing,MID,Bournemouth,10,42.97654104858161,,0.0,0.0,0.086670327,0.0,0.0,0.6027638220021458,0.0,0.0,0.0,0.0,0.4215418285410237,True,,
Ibrahim_Sangare,MID,Nott'm Forest,20,42.97654104858161,,0.0,0.0,0.0,0.0,0.0,0.0,0.0,0.0,0.0,0.086670327,0.0,True,,
Tyler_Adams,MID,Bournemouth,58,42.97654104858161,,0.086670327,0.0,0.0,0.6027638220021458,0.0,0.0,0.0,0.0,0.4215418285410237,0.0,0.0,True,,
Lewis_Cook,MID,Bournemouth,82,42.97654104858161,,0.0,0.086670327,0.0,0.0,0.6027638220021458,0.0,0.0,0.0,0.0,0.4215418285410237,0.0,True,,
Nicolas_Dominguez,MID,Nott'm Forest,54,42.97654104858161,,0.0,0.0,0.0,0.0,0.0,0.0,0.0,0.086670327,0.0,0.0,0.6027638220021458,True,,
Alex_Scott,MID,Bournemouth,26,42.97654104858161,,0.0,0.0,0.0,0.086670327,0.0,0.0,0.6027638220021458,0.0,0.0,0.0,0.0,True,,
Luis_Sinisterra_Lucumi,MID,Bournemouth,23,42.97654104858161,,0.0,0.0,0.0,0.0,0.086670327,0.0,0.0,0.6027638220021458,0.0,0.0,0.0,True,,
Ryan_Yates,MID,Nott'm Forest,67,42.97654104858161,,0.0,0.0,0.0,0.0,0.0,0.086670327,0.0,0.0,0.6027638220021458,0.0,0.0,True,,
Ryan_Christie,MID,Bournemouth,76,42.97654104858161,,0.0,0.0,0.0,0.0,0.0,0.0,0.086670327,0.0,0.0,0.6027638220021458,0.0,False,6,19.0
Tom_Cairney,MID,Fulham,33,42.88987072135201,,0.0,0.6027638220021458,0.0,0.0,0.0,0.0,0.4215418285410237,0.0,0.0,0.0,0.029548921,True,,
Sander_Berge,MID,Fulham,53,42.88987072135201,,0.6027638220021458,0.0,0.0,0.0,0.0,0.4215418285410237,0.0,0.0,0.0,0.029548921,1.014447876342672,True,,
Sasa_Lukic,MID,Fulham,56,42.88987072135201,,0.0,0.0,0.6027638220021458,0.0,0.0,0.0,0.0,0.4215418285410237,0.0,0.0,0.0,True,,
Enzo_Barrenechea,MID,Aston Villa,0,42.287106899349865,,0.0,0.0,0.0,0.0,0.4215418285410237,0.0,0.0,0.0,0.029548921,1.014447876342672,0.5239748337745311,True,,
Ross_Barkley,MID,Aston Villa,44,42.287106899349865,,0.0,0.0,0.0,0.4215418285410237,0.0,0.0,0.0,0.029548921,1.014447876342672,0.5239748337745311,0.0,True,,
Lewis_Dobbin,MID,Aston Villa,0,42.287106899349865,,0.0,0.0,0.4215418285410237,0.0,0.0,0.0,0.029548921,1.014447876342672,0.5239748337745311,0.0,0.6027638220021743,True,,
Amadou_Onana,MID,Aston Villa,65,42.287106899349865,,0.0,0.4215418285410237,0.0,0.0,0.0,0.029548921,1.014447876342672,0.5239748337745311,0.0,0.6027638220021743,0.0,True,,
Boubacar_Kamara,MID,Aston Villa,57,42.287106899349865,,0.4215418285410237,0.0,0.0,0.0,0.029548921,1.014447876342672,0.5239748337745311,0.0,0.6027638220021743,0.0,0.267892321,True,,
Kiernan_Dewsbury_Hall,MID,Chelsea,18,41.86556507080884,,0.029548921,1.014447876342672,0.5239748337745311,0.0,0.6027638220021743,0.0,0.267892321,0.0,0.0,0.0,0.0,True,,
Mykhailo_Mudryk,MID,Chelsea,7,41.86556507080884,,0.0,0.0,0.029548921,1.014447876342672,0.5239748337745311,0.0,0.6027638220021743,0.0,0.267892321,0.0,0.0,True,,
Tyrique_George,MID,Chelsea,17,41.86556507080884,,0.0,0.029548921,1.014447876342672,0.5239748337745311,0.0,0.6027638220021743,0.0,0.267892321,0.0,0.0,0.0,True,,
Romeo_Lavia,MID,Chelsea,26,41.86556507080884,,0.0,0.0,0.0,0.029548921,1.014447876342672,0.5239748337745311,0.0,0.6027638220021743,0.0,0.267892321,0.0,True,,
Reiss_Nelson,MID,Arsenal,27,41.83601614999948,,1.014447876342672,0.5239748337745311,0.0,0.6027638220021743,0.0,0.267892321,0.0,0.0,0.0,0.0,0.0,True,,
Callum_Marshall,FWD,West Ham,0,41.82060535416576,,1.0365295847310063,0.0,1.773516696695836,2.256174279209304,0.0,0.2422153970052889,3.5235403159857057,6.689966020948887,0.5753468056310389,0.0,1.2671209742810028,True,,
Boubacar_Traore,MID,Wolves,1,40.82156827365681,,0.5239748337745311,0.0,0.6027638220021743,0.0,0.267892321,0.0,0.0,0.0,0.0,0.0,0.0,True,,
Chido_Obi,FWD,Man Utd,7,40.78407576943475,summer_transfer,1.773516696695836,2.256174279209304,0.0,0.2422153970052889,3.5235403159857057,6.689966020948887,0.5753468056310389,0.0,1.2671209742810028,0.0,3.5922463367065376,True,,
Ethan_Wheatley,FWD,Man Utd,0,40.78407576943475,,0.0,1.773516696695836,2.256174279209304,0.0,0.2422153970052889,3.5235403159857057,6.689966020948887,0.5753468056310389,0.0,1.2671209742810028,0.0,False,4,21.0
Pau_Torres,DEF,Aston Villa,55,40.40601404230381,,1.2518438482797478,0.0,0.0,0.0,0.0,0.0,0.0,0.0,0.0,0.0,0.0,True,,
Tyrone_Mings,DEF,Aston Villa,47,40.40601404230381,,0.0,1.2518438482797478,0.0,0.0,0.0,0.0,0.0,0.0,0.0,0.0,0.0,True,,
Ian_Maatsen,DEF,Aston Villa,57,40.40601404230381,,0.0,0.0,1.2518438482797478,0.0,0.0,0.0,0.0,0.0,0.0,0.0,0.0,True,,
Matty_Cash,DEF,Aston Villa,76,40.40601404230381,,0.0,0.0,0.0,1.2518438482797478,0.0,0.0,0.0,0.0,0.0,0.0,0.0,True,,
Ezri_Konsa_Ngoyo,DEF,Aston Villa,103,40.40601404230381,,0.0,0.0,0.0,0.0,1.2518438482797478,0.0,0.0,0.0,0.0,0.0,0.0,True,,
Lucas_Digne,DEF,Aston Villa,89,40.40601404230381,,0.0,0.0,0.0,0.0,0.0,1.2518438482797478,0.0,0.0,0.0,0.0,0.0,True,,
Antonito_Cordero_Campillo,MID,Newcastle,0,40.29759343988228,summer_transfer,0.6027638220021743,0.0,0.267892321,0.0,0.0,0.0,0.0,0.0,0.0,0.2757736596926747,0.0,True,,
Joe_Willock,MID,Newcastle,46,40.29759343988228,,0.0,0.6027638220021743,0.0,0.267892321,0.0,0.0,0.0,0.0,0.0,0.0,0.2757736596926747,True,,
Sverre_Nypan,MID,Man City,0,39.69482962,summer_transfer,0.0,0.267892321,0.0,0.0,0.0,0.0,0.0,0.0,0.2757736596926747,0.0,0.0,True,,
Kalvin_Phillips,MID,Man City,27,39.69482962,,0.267892321,0.0,0.0,0.0,0.0,0.0,0.0,0.2757736596926747,0.0,0.0,0.0,True,,
Yehor_Yarmoliuk,MID,Brentford,43,39.42693729718938,,0.0,0.0,0.0,0.0,0.0,0.0,0.2757736596926747,0.0,0.0,0.0,0.0,True,,
Mathias_Jensen,MID,Brentford,38,39.42693729718938,,0.2757736596926747,0.0,0.0,0.0,0.0,0.0,0.0,0.0,0.0,0.3191088233074879,0.0,True,,
Jordan_Henderson,MID,Brentford,0,39.42693729718938,summer_transfer,0.0,0.0,0.2757736596926747,0.0,0.0,0.0,0.0,0.0,0.0,0.0,0.0,True,,
Fabio_Freitas_Gouveia_Carvalho,MID,Brentford,35,39.42693729718938,,0.0,0.0,0.0,0.2757736596926747,0.0,0.0,0.0,0.0,0.0,0.0,0.0,True,,
Frank_Onyeka,MID,Brentford,2,39.42693729718938,,0.0,0.0,0.0,0.0,0.2757736596926747,0.0,0.0,0.0,0.0,0.0,0.0,True,,
Gustavo_Nunes_Fernandes_Gomes,MID,Brentford,3,39.42693729718938,,0.0,0.0,0.0,0.0,0.0,0.2757736596926747,0.0,0.0,0.0,0.0,0.0,True,,
Vitaly_Janelt,MID,Brentford,73,39.42693729718938,,0.0,0.2757736596926747,0.0,0.0,0.0,0.0,0.0,0.0,0.0,0.0,0.3191088233074879,True,,
Ferdi_Kadioglu,DEF,Brighton,19,39.15417019402406,,0.0,0.0,0.0,0.0,0.0,0.0,1.2422615084168456,0.0,0.0,0.0,0.0,True,,
Diego_Coppola,DEF,Brighton,0,39.15417019402406,summer_transfer,0.0,0.0,1.2422615084168456,0.0,0.0,0.0,0.0,0.0,0.6115484143455774,0.0,0.0,True,,
Maxim_De_Cuyper,DEF,Brighton,0,39.15417019402406,summer_transfer,0.0,0.0,0.0,1.2422615084168456,0.0,0.0,0.0,0.0,0.0,0.6115484143455774,0.0,True,,
Pervis_Estupinan_Tenorio,DEF,Brighton,63,39.15417019402406,,0.0,0.0,0.0,0.0,1.2422615084168456,0.0,0.0,0.0,0.0,0.0,0.6115484143455774,True,,
Lewis_Dunk,DEF,Brighton,44,39.15417019402406,,0.0,0.0,0.0,0.0,0.0,1.2422615084168456,0.0,0.0,0.0,0.0,0.0,True,,
Jan_Paul_van_Hecke,DEF,Brighton,87,39.15417019402406,,0.0,0.0,0.0,0.0,0.0,0.0,0.0,0.0,0.0,1.2422615084168456,0.0,True,,
Igor_Julio_dos_Santos_de_Paulo,DEF,Brighton,18,39.15417019402406,,0.0,0.0,0.0,0.0,0.0,0.0,0.0,1.2422615084168456,0.0,0.0,0.0,True,,
Olivier_Boscagli,DEF,Brighton,0,39.15417019402406,summer_transfer,0.0,0.0,0.0,0.0,0.0,0.0,0.0,0.0,1.2422615084168456,0.0,0.0,True,,
Tariq_Lamptey,DEF,Brighton,42,39.15417019402406,,0.0,0.0,0.0,0.0,0.0,0.0,0.0,0.0,0.0,0.0,1.2422615084168456,True,,
Adam_Webster,DEF,Brighton,39,39.15417019402406,,1.2422615084168456,0.0,0.0,0.0,0.0,0.0,0.6115484143455774,0.0,0.0,0.0,0.0,True,,
Joel_Veltman,DEF,Brighton,59,39.15417019402406,,0.0,1.2422615084168456,0.0,0.0,0.0,0.0,0.0,0.6115484143455774,0.0,0.0,0.0,True,,
Malick_Yalcouye,MID,Brighton,0,39.15116363749671,,0.0,0.3191088233074879,0.0,0.0,0.0,2.2810497971642576,0.0,7.286870624609349,0.0,0.0,0.0,True,,
James_Milner,MID,Brighton,6,39.15116363749671,,0.0,0.0,0.0,0.0,0.0,0.0,0.0,0.0,0.3191088233074879,0.0,0.0,True,,
Diego_Gomez_Amarilla,MID,Brighton,30,39.15116363749671,jan_transfer,0.0,0.0,0.0,0.0,0.0,0.0,0.0,0.3191088233074879,0.0,0.0,0.0,True,,
Tom_Watson,MID,Brighton,0,39.15116363749671,summer_transfer,0.0,0.0,0.0,0.0,0.0,0.0,0.3191088233074879,0.0,0.0,0.0,2.2810497971642576,True,,
Carlos_Baleba,MID,Brighton,87,39.15116363749671,,0.0,0.0,0.0,0.0,0.0,0.3191088233074879,0.0,0.0,0.0,2.2810497971642576,0.0,True,,
Yasin_Ayari,MID,Brighton,74,39.15116363749671,,0.0,0.0,0.0,0.0,0.3191088233074879,0.0,0.0,0.0,2.2810497971642576,0.0,7.286870624609349,True,,
Jeremy_Sarmiento_Morante,MID,Brighton,1,39.15116363749671,,0.0,0.0,0.0,0.3191088233074879,0.0,0.0,0.0,2.2810497971642576,0.0,7.286870624609349,0.0,True,,
Facundo_Buonanotte,MID,Brighton,75,39.15116363749671,,0.0,0.0,0.3191088233074879,0.0,0.0,0.0,2.2810497971642576,0.0,7.286870624609349,0.0,0.0,True,,
Mats_Wieffer,MID,Brighton,52,39.15116363749671,,0.3191088233074879,0.0,0.0,0.0,2.2810497971642576,0.0,7.286870624609349,0.0,0.0,0.0,0.0,True,,
Martin_Sherif,FWD,Everton,0,39.010559072738914,,2.256174279209304,0.0,0.2422153970052889,3.5235403159857057,6.689966020948887,0.5753468056310389,0.0,1.2671209742810028,0.0,3.5922463367065376,3.2474909206254665,True,,
Archie_Gray,MID,Spurs,45,38.83205481418922,,2.2810497971642576,0.0,7.286870624609349,0.0,0.0,0.0,0.0,1.887080454234109,0.0,0.0,0.0,True,,
Pape_Matar_Sarr,MID,Spurs,71,38.83205481418922,,0.0,2.2810497971642576,0.0,7.286870624609349,0.0,0.0,0.0,0.0,1.887080454234109,0.0,0.0,True,,
Bryan_Gil_Salvatierra,MID,Spurs,0,38.83205481418922,,0.0,0.0,2.2810497971642576,0.0,7.286870624609349,0.0,0.0,0.0,0.0,1.887080454234109,0.0,True,,
Mikey_Moore,MID,Spurs,19,38.83205481418922,,0.0,0.0,0.0,2.2810497971642576,0.0,7.286870624609349,0.0,0.0,0.0,0.0,1.887080454234109,True,,
Mads_Roerslev_Rasmussen,DEF,Brentford,36,37.911908685607216,,0.6115484143455774,0.0,0.0,0.0,0.0,0.0,0.0,3.6391234917439874,0.0,0.0,0.0,True,,
Kristoffer_Ajer,DEF,Brentford,39,37.911908685607216,,0.0,0.6115484143455774,0.0,0.0,0.0,0.0,0.0,0.0,3.6391234917439874,0.0,0.0,True,,
Rico_Henry,DEF,Brentford,4,37.911908685607216,,0.0,0.0,0.6115484143455774,0.0,0.0,0.0,0.0,0.0,0.0,3.6391234917439874,0.0,True,,
Michael_Kayode,DEF,Brentford,27,37.911908685607216,summer_transfer,0.0,0.0,0.0,0.6115484143455774,0.0,0.0,0.0,0.0,0.0,0.0,3.6391234917439874,True,,
Ethan_Pinnock,DEF,Brentford,47,37.911908685607216,,0.0,0.0,0.0,0.0,0.6115484143455774,0.0,0.0,0.0,0.0,0.0,0.0,True,,
Sepp_van_den_Berg,DEF,Brentford,62,37.911908685607216,,0.0,0.0,0.0,0.0,0.0,0.6115484143455774,0.0,0.0,0.0,0.0,0.0,True,,
Adrien_Truffert,DEF,Bournemouth,0,37.30036027126164,summer_transfer,0.0,0.0,0.0,0.0,0.0,0.0,3.6391234917439874,0.0,0.0,0.0,0.0,True,,
Adam_Smith,DEF,Bournemouth,57,37.30036027126164,,0.0,0.0,0.0,0.0,0.0,3.6391234917439874,0.0,0.0,0.0,0.0,0.0,True,,
Felipe_Rodrigues_da_Silva,DEF,Nott'm Forest,36,37.30036027126164,,0.0,0.0,0.0,0.0,3.6391234917439874,0.0,0.0,0.0,0.0,0.0,0.0,True,,
Omar_Richards,DEF,Nott'm Forest,0,37.30036027126164,,0.0,0.0,0.0,3.6391234917439874,0.0,0.0,0.0,0.0,0.0,0.0,0.0,True,,
David_Mota_Veiga_Teixeira_do_Carmo,DEF,Nott'm Forest,0,37.30036027126164,,0.0,0.0,3.6391234917439874,0.0,0.0,0.0,0.0,0.0,0.0,0.0,0.0,True,,
Marcos_Senesi_Baron,DEF,Bournemouth,31,37.30036027126164,,0.0,3.6391234917439874,0.0,0.0,0.0,0.0,0.0,0.0,0.0,0.0,0.0,True,,
Jair_Paula_da_Cunha_Filho,DEF,Nott'm Forest,0,37.30036027126164,summer_transfer,3.6391234917439874,0.0,0.0,0.0,0.0,0.0,0.0,0.0,0.0,0.0,0.0,True,,
Leon_Chiwome,FWD,Wolves,0,36.75438479352961,,0.0,0.2422153970052889,3.5235403159857057,6.689966020948887,0.5753468056310389,0.0,1.2671209742810028,0.0,3.5922463367065376,3.2474909206254665,2.348863502326864,True,,
Nathan_Fraser,FWD,Wolves,0,36.75438479352961,,0.2422153970052889,3.5235403159857057,6.689966020948887,0.5753468056310389,0.0,1.2671209742810028,0.0,3.5922463367065376,3.2474909206254665,2.348863502326864,19.41373110404878,True,,
Ben_Doak,MID,Liverpool,0,36.55100501702496,,0.0,7.286870624609349,0.0,0.0,0.0,0.0,1.887080454234109,0.0,0.0,0.0,0.0,True,,
Endo_Wataru,MID,Liverpool,21,36.55100501702496,,7.286870624609349,0.0,0.0,0.0,0.0,1.887080454234109,0.0,0.0,0.0,0.0,0.2146416360924412,True,,
Charalampos_Kostoulas,FWD,Brighton,0,36.51216939652432,summer_transfer,3.5235403159857057,6.689966020948887,0.5753468056310389,0.0,1.2671209742810028,0.0,3.5922463367065376,3.2474909206254665,2.348863502326864,19.41373110404878,,True,,
Jaka_Bijol,DEF,Leeds,0,33.66123677951765,promoted_team,0.0,0.0,0.0,0.0,2.8899361823418417,0.0,0.0,0.0,0.6259219241398455,0.0,6.147490711519364,True,,
Aji_Alese,DEF,Sunderland,0,33.66123677951765,promoted_team,0.0,0.0,0.0,0.0,0.0,0.0,0.0,0.0,0.0,0.0,0.0,True,,
Jordan_Beyer,DEF,Burnley,0,33.66123677951765,promoted_team,0.0,0.0,0.0,0.0,0.0,0.0,0.0,0.0,0.0,0.0,0.0,True,,
Lucas_Pires_Silva,DEF,Burnley,0,33.66123677951765,promoted_team,0.0,0.0,0.0,0.0,0.0,0.0,0.0,0.0,0.0,0.0,0.0,True,,
Shurandy_Sambo,DEF,Burnley,0,33.66123677951765,promoted_team,0.0,0.0,0.0,0.0,0.0,0.0,0.0,0.0,0.0,0.0,0.0,True,,
Oliver_Sonne,DEF,Burnley,0,33.66123677951765,promoted_team,0.0,0.0,0.0,0.0,0.0,0.0,0.0,0.0,0.0,0.0,0.0,True,,
Bashir_Humphreys,DEF,Burnley,0,33.66123677951765,promoted_team,0.0,0.0,0.0,0.0,0.0,0.0,0.0,0.0,0.0,0.0,0.0,True,,
Quilindschy_Hartman,DEF,Burnley,0,33.66123677951765,promoted_team,0.0,0.0,0.0,0.0,0.0,0.0,0.0,0.0,0.0,0.0,0.0,True,,
Axel_Tuanzebe,DEF,Burnley,27,33.66123677951765,promoted_team,0.0,0.0,0.0,0.0,0.0,0.0,0.0,0.0,0.0,0.0,0.0,True,,
Sebastiaan_Bornauw,DEF,Leeds,0,33.66123677951765,promoted_team,0.0,0.0,0.0,0.0,0.0,2.8899361823418417,0.0,0.0,0.0,0.6259219241398455,0.0,True,,
Joe_Worrall,DEF,Burnley,0,33.66123677951765,promoted_team,0.0,0.0,0.0,0.0,0.0,0.0,0.0,0.0,0.0,0.0,0.0,True,,
Joe_Anderson,DEF,Sunderland,0,33.66123677951765,promoted_team,0.0,0.0,0.0,0.0,0.0,0.0,0.0,0.0,0.0,0.0,0.0,True,,
Dennis_Cirkin,DEF,Sunderland,0,33.66123677951765,promoted_team,0.0,0.0,0.0,0.0,0.0,0.0,0.0,0.0,0.0,0.0,0.0,True,,
Leo_Fuhr_Hjelde,DEF,Sunderland,0,33.66123677951765,promoted_team,0.0,0.0,0.0,0.0,0.0,0.0,0.0,0.0,0.0,0.0,0.0,True,,
Hannes_Delcroix,DEF,Burnley,0,33.66123677951765,promoted_team,0.0,0.0,0.0,0.0,0.0,0.0,0.0,0.0,0.0,0.0,0.0,True,,
Zak_Johnson,DEF,Sunderland,0,33.66123677951765,promoted_team,0.0,0.0,0.0,0.0,0.0,0.0,0.0,0.0,0.0,0.0,0.0,True,,
Luke_O'Nien,DEF,Sunderland,0,33.66123677951765,promoted_team,0.0,0.0,0.0,0.0,0.0,0.0,0.0,0.0,0.0,0.0,0.0,True,,
Owen_Dodgson,DEF,Burnley,0,33.66123677951765,promoted_team,0.0,0.0,0.0,0.0,0.0,0.0,0.0,0.0,0.0,0.0,0.0,True,,
Reinildo_Mandava,DEF,Sunderland,0,33.66123677951765,promoted_team,0.0,0.0,0.0,0.0,0.0,0.0,0.0,0.0,0.0,0.0,2.8899361823418417,True,,
Niall_Huggins,DEF,Sunderland,0,33.66123677951765,promoted_team,0.0,0.0,0.0,2.8899361823418417,0.0,0.0,0.0,0.6259219241398455,0.0,6.147490711519364,1.872974602488231,True,,
Hjalmar_Ekdal,DEF,Burnley,0,33.66123677951765,promoted_team,0.0,0.0,2.8899361823418417,0.0,0.0,0.0,0.6259219241398455,0.0,6.147490711519364,1.872974602488231,0.0,True,,
Maxime_Esteve,DEF,Burnley,0,33.66123677951765,promoted_team,0.0,2.8899361823418417,0.0,0.0,0.0,0.6259219241398455,0.0,6.147490711519364,1.872974602488231,0.0,0.0,True,,
Jenson_Seelt,DEF,Sunderland,0,33.66123677951765,promoted_team,2.8899361823418417,0.0,0.0,0.0,0.6259219241398455,0.0,6.147490711519364,1.872974602488231,0.0,0.0,0.0,True,,
Sam_Byram,DEF,Leeds,0,33.66123677951765,promoted_team,0.0,0.0,0.0,0.0,0.0,0.0,2.8899361823418417,0.0,0.0,0.0,0.6259219241398455,True,,
Gabriel_Gudmundsson,DEF,Leeds,0,33.66123677951765,promoted_team,0.0,0.0,0.0,0.0,0.0,0.0,0.0,2.8899361823418417,0.0,0.0,0.0,True,,
Timothee_Pembele,DEF,Sunderland,0,33.66123677951765,promoted_team,0.0,0.0,0.0,0.0,0.0,0.0,0.0,0.0,0.0,0.0,0.0,True,,
Joe_Rodon,DEF,Leeds,0,33.66123677951765,promoted_team,0.0,0.0,0.0,0.0,0.0,0.0,0.0,0.0,2.8899361823418417,0.0,0.0,True,,
Isaac_Schmidt,DEF,Leeds,0,33.66123677951765,promoted_team,0.0,0.0,0.0,0.0,0.0,0.0,0.0,0.0,0.0,2.8899361823418417,0.0,True,,
Tosin_Adarabioyo,DEF,Chelsea,71,30.77130059717581,,0.6259219241398455,0.0,6.147490711519364,1.872974602488231,0.0,0.0,0.0,1.5408489606925286,0.0,0.0,0.0,True,,
Mamadou_Sarr,DEF,Chelsea,0,30.77130059717581,summer_transfer,0.0,0.6259219241398455,0.0,6.147490711519364,1.872974602488231,0.0,0.0,0.0,1.5408489606925286,0.0,0.0,True,,
Wesley_Fofana,DEF,Chelsea,26,30.77130059717581,,0.0,0.0,0.6259219241398455,0.0,6.147490711519364,1.872974602488231,0.0,0.0,0.0,1.5408489606925286,0.0,True,,
Benoit_Badiashile_Mukinayi,DEF,Chelsea,7,30.77130059717581,,0.0,0.0,0.0,0.6259219241398455,0.0,6.147490711519364,1.872974602488231,0.0,0.0,0.0,1.5408489606925286,True,,
Emil_Krafth,DEF,Newcastle,17,30.145378673035964,,0.0,6.147490711519364,1.872974602488231,0.0,0.0,0.0,1.5408489606925286,0.0,0.0,0.0,4.656085071597573,True,,
Jamaal_Lascelles,DEF,Newcastle,0,30.145378673035964,,6.147490711519364,1.872974602488231,0.0,0.0,0.0,1.5408489606925286,0.0,0.0,0.0,4.656085071597573,0.0,True,,
Isaac_Heath,MID,Everton,0,29.264134392415613,summer_transfer,0.0,1.887080454234109,0.0,0.0,0.0,0.0,0.2146416360924412,0.0,0.0,0.0,0.0,True,,
Callum_Bates,MID,Everton,0,29.264134392415613,,0.0,0.0,1.887080454234109,0.0,0.0,0.0,0.0,0.2146416360924412,0.0,0.0,0.0,True,,
Coby_Ebere,MID,Everton,0,29.264134392415613,,0.0,0.0,0.0,1.887080454234109,0.0,0.0,0.0,0.0,0.2146416360924412,0.0,0.0,True,,
Jenson_Metcalfe,MID,Everton,0,29.264134392415613,,1.887080454234109,0.0,0.0,0.0,0.0,0.2146416360924412,0.0,0.0,0.0,0.0,0.0,True,,
Harrison_Armstrong,MID,Everton,2,29.264134392415613,,0.0,0.0,0.0,0.0,1.887080454234109,0.0,0.0,0.0,0.0,0.2146416360924412,0.0,True,,
Jayce_Fitzgerald,MID,Man Utd,0,27.377053938181504,,0.0,0.2146416360924412,0.0,0.0,0.0,0.0,0.0,0.0,0.0,0.0,0.0,True,,
Jack_Moorhouse,MID,Man Utd,0,27.377053938181504,,0.0,0.0,0.0,0.0,0.2146416360924412,0.0,0.0,0.0,0.0,0.0,0.0,True,,
Sekou_Kone,MID,Man Utd,0,27.377053938181504,summer_transfer,0.0,0.0,0.0,0.2146416360924412,0.0,0.0,0.0,0.0,0.0,0.0,0.0,True,,
Jack_Fletcher,MID,Man Utd,0,27.377053938181504,,0.0,0.0,0.2146416360924412,0.0,0.0,0.0,0.0,0.0,0.0,0.0,0.0,True,,
Toby_Collyer,MID,Man Utd,6,27.377053938181504,,0.2146416360924412,0.0,0.0,0.0,0.0,0.0,0.0,0.0,0.0,0.0,0.0,True,,
Pierre_Ekwah_Elimby,MID,Sunderland,0,27.162412302089063,promoted_team,0.0,0.0,0.0,0.0,0.0,0.0,0.0,0.0,0.0,1.1504404195655944,0.0,True,,
Nectarios_Triantis,MID,Sunderland,0,27.162412302089063,promoted_team,0.0,0.0,0.0,0.0,0.0,0.0,0.0,0.0,0.0,0.0,0.0,True,,
Jay_Matete,MID,Sunderland,0,27.162412302089063,promoted_team,0.0,0.0,0.0,0.0,0.0,0.0,0.0,0.0,0.0,0.0,0.0,True,,
Harrison_Jones,MID,Sunderland,0,27.162412302089063,promoted_team,0.0,0.0,0.0,0.0,0.0,0.0,0.0,0.0,0.0,0.0,1.1504404195655944,True,,
Alan_Browne,MID,Sunderland,0,27.162412302089063,promoted_team,0.0,0.0,0.0,0.0,0.0,0.0,0.0,0.0,1.1504404195655944,0.0,0.0,True,,
Darko_Gyabi,MID,Leeds,0,27.162412302089063,promoted_team,0.0,0.0,0.0,0.0,0.0,1.1504404195655944,0.0,0.0,0.0,0.0,0.0,True,,
Charlie_Crew,MID,Leeds,0,27.162412302089063,promoted_team,0.0,0.0,0.0,0.0,0.0,0.0,1.1504404195655944,0.0,0.0,0.0,0.0,True,,
Aaron_Ramsey,MID,Burnley,0,27.162412302089063,promoted_team,0.0,0.0,0.0,0.0,1.1504404195655944,0.0,0.0,0.0,0.0,0.0,0.0,True,,
Mike_Tresor_Ndayishimiye,MID,Burnley,0,27.162412302089063,promoted_team,0.0,0.0,0.0,1.1504404195655944,0.0,0.0,0.0,0.0,0.0,0.0,0.0,True,,
Jaydon_Banel,MID,Burnley,0,27.162412302089063,promoted_team,0.0,0.0,1.1504404195655944,0.0,0.0,0.0,0.0,0.0,0.0,0.0,0.0,True,,
Oluwaseun_Adewumi,MID,Burnley,0,27.162412302089063,promoted_team,0.0,1.1504404195655944,0.0,0.0,0.0,0.0,0.0,0.0,0.0,0.0,0.2462247388833134,True,,
Joe_Gelhardt,MID,Leeds,0,27.162412302089063,promoted_team,1.1504404195655944,0.0,0.0,0.0,0.0,0.0,0.0,0.0,0.0,0.2462247388833134,0.0,True,,
Abdoullah_Ba,MID,Sunderland,0,27.162412302089063,promoted_team,0.0,0.0,0.0,0.0,0.0,0.0,0.0,1.1504404195655944,0.0,0.0,0.0,True,,
Franco_Umeh_Chibueze,MID,Crystal Palace,0,26.01197188252347,,0.0,0.0,0.0,0.0,0.0,0.0,0.0,0.2462247388833134,0.0,0.0,0.0,True,,
David_Ozoh,MID,Crystal Palace,0,26.01197188252347,,0.0,0.0,0.0,0.0,0.0,0.0,0.2462247388833134,0.0,0.0,0.0,0.8430836570820475,True,,
Asher_Agbinone,MID,Crystal Palace,2,26.01197188252347,,0.0,0.0,0.0,0.0,0.0,0.2462247388833134,0.0,0.0,0.0,0.8430836570820475,0.0,True,,
Naouirou_Ahamada,MID,Crystal Palace,0,26.01197188252347,,0.0,0.0,0.0,0.0,0.2462247388833134,0.0,0.0,0.0,0.8430836570820475,0.0,0.0,True,,
Justin_Devenny,MID,Crystal Palace,34,26.01197188252347,,0.0,0.0,0.0,0.2462247388833134,0.0,0.0,0.0,0.8430836570820475,0.0,0.0,0.0,True,,
Malcolm_Ebiowei,MID,Crystal Palace,0,26.01197188252347,,0.0,0.0,0.2462247388833134,0.0,0.0,0.0,0.8430836570820475,0.0,0.0,0.0,0.0,True,,
Jesurun_Rak_Sakyi,MID,Crystal Palace,0,26.01197188252347,,0.0,0.2462247388833134,0.0,0.0,0.0,0.8430836570820475,0.0,0.0,0.0,0.0,0.0,True,,
Matheus_Franca_de_Oliveira,MID,Crystal Palace,9,26.01197188252347,,0.2462247388833134,0.0,0.0,0.0,0.8430836570820475,0.0,0.0,0.0,0.0,0.0,0.0,True,,
Kaden_Rodney,MID,Crystal Palace,0,26.01197188252347,,0.0,0.0,0.0,0.0,0.0,0.0,0.0,0.0,0.2462247388833134,0.0,0.0,True,,
George_Earthy,MID,West Ham,0,25.765747143640155,,0.0,0.0,0.0,0.8430836570820475,0.0,0.0,0.0,0.0,0.0,0.0,0.086670327,True,,
Lewis_Orford,MID,West Ham,2,25.765747143640155,,0.0,0.0,0.8430836570820475,0.0,0.0,0.0,0.0,0.0,0.0,0.086670327,0.0,True,,
Andy_Irving,MID,West Ham,9,25.765747143640155,,0.8430836570820475,0.0,0.0,0.0,0.0,0.0,0.0,0.086670327,0.0,0.0,0.0,True,,
Freddie_Potts,MID,West Ham,0,25.765747143640155,,0.0,0.8430836570820475,0.0,0.0,0.0,0.0,0.0,0.0,0.086670327,0.0,0.0,True,,
Harry_Tyrer,GK,Everton,0,25.50984046073603,,2.549070949,0.0,3.4242002004442647,0.0,0.0,0.0,0.0,0.1285306672562569,0.0,0.1346167127991862,0.0,True,,
Dominic_Sadi,MID,Bournemouth,0,24.922663486558108,,0.086670327,0.0,0.0,0.0,0.6027638220021458,0.0,0.0,0.0,0.4215418285410237,0.0,0.0,True,,
Romain_Faivre,MID,Bournemouth,0,24.922663486558108,,0.0,0.086670327,0.0,0.0,0.0,0.6027638220021458,0.0,0.0,0.0,0.4215418285410237,0.0,True,,
Eric_da_Silva_Moreira,MID,Nott'm Forest,2,24.922663486558108,,0.0,0.0,0.0,0.086670327,0.0,0.0,0.0,0.6027638220021458,0.0,0.0,0.0,True,,
Zain_Silcott_Duberry,MID,Bournemouth,1,24.922663486558108,jan_transfer,0.0,0.0,0.0,0.0,0.086670327,0.0,0.0,0.0,0.6027638220021458,0.0,0.0,True,,
Marko_Stamenic,MID,Nott'm Forest,0,24.922663486558108,,0.0,0.0,0.0,0.0,0.0,0.086670327,0.0,0.0,0.0,0.6027638220021458,0.0,True,,
Hamed_Traore,MID,Bournemouth,0,24.922663486558108,,0.0,0.0,0.0,0.0,0.0,0.0,0.086670327,0.0,0.0,0.0,0.6027638220021458,True,,
Ben_Winterburn,MID,Bournemouth,4,24.922663486558108,,0.0,0.0,0.086670327,0.0,0.0,0.0,0.6027638220021458,0.0,0.0,0.0,0.4215418285410237,True,,
Luke_Harris,MID,Fulham,0,24.83599315932851,,0.6027638220021458,0.0,0.0,0.0,0.4215418285410237,0.0,0.0,0.029548921,0.0,1.014447876342672,0.0,True,,
Harrison_Reed,MID,Fulham,10,24.83599315932851,,0.0,0.6027638220021458,0.0,0.0,0.0,0.4215418285410237,0.0,0.0,0.029548921,0.0,1.014447876342672,True,,
Josh_King,MID,Fulham,10,24.83599315932851,,0.0,0.0,0.6027638220021458,0.0,0.0,0.0,0.4215418285410237,0.0,0.0,0.029548921,0.0,True,,
Martial_Godo,MID,Fulham,2,24.83599315932851,,0.0,0.0,0.0,0.6027638220021458,0.0,0.0,0.0,0.4215418285410237,0.0,0.0,0.029548921,True,,
Kadan_Young,MID,Aston Villa,0,24.233229337326364,,0.0,0.0,0.0,0.4215418285410237,0.0,0.0,0.029548921,0.0,1.014447876342672,0.0,0.0,True,,
Ben_Broggio,MID,Aston Villa,0,24.233229337326364,,0.4215418285410237,0.0,0.0,0.029548921,0.0,1.014447876342672,0.0,0.0,0.0,0.5239748337745311,0.0,True,,
Leander_Dendoncker,MID,Aston Villa,0,24.233229337326364,,0.0,0.4215418285410237,0.0,0.0,0.029548921,0.0,1.014447876342672,0.0,0.0,0.0,0.5239748337745311,True,,
Jamaldeen_Jimoh_Aloba,MID,Aston Villa,0,24.233229337326364,,0.0,0.0,0.4215418285410237,0.0,0.0,0.029548921,0.0,1.014447876342672,0.0,0.0,0.0,True,,
Kaelan_Casey,DEF,West Ham,1,23.99788796,,1.872974602488231,0.0,0.0,0.0,1.5408489606925286,0.0,0.0,0.0,4.656085071597573,0.0,2.650585837731628,True,,
Kendry_Paez_Andrade,MID,Chelsea,0,23.81168750878534,,0.0,0.0,0.029548921,0.0,1.014447876342672,0.0,0.0,0.0,0.5239748337745311,0.0,0.0,True,,
Andrey_Nascimento_dos_Santos,MID,Chelsea,0,23.81168750878534,,0.029548921,0.0,1.014447876342672,0.0,0.0,0.0,0.5239748337745311,0.0,0.0,0.0,0.8706561426928943,True,,
Dario_Luis_Essugo,MID,Chelsea,0,23.81168750878534,summer_transfer,0.0,0.029548921,0.0,1.014447876342672,0.0,0.0,0.0,0.5239748337745311,0.0,0.0,0.0,True,,
Albert_Sambi_Lokonga,MID,Arsenal,0,23.78213858797598,,1.014447876342672,0.0,0.0,0.0,0.5239748337745311,0.0,0.0,0.0,0.8706561426928943,0.0,0.0,True,,
Ismeal_Kabia,MID,Arsenal,0,23.78213858797598,,0.0,1.014447876342672,0.0,0.0,0.0,0.5239748337745311,0.0,0.0,0.0,0.8706561426928943,0.0,True,,
Karl_Hein,GK,Arsenal,0,22.96076951196233,,3.4242002004442647,0.0,0.0,0.0,0.0,0.1285306672562569,0.0,0.1346167127991862,0.0,0.0,0.4314785802923779,True,,
Tommy_Setford,GK,Arsenal,0,22.96076951196233,,0.0,3.4242002004442647,0.0,0.0,0.0,0.0,0.1285306672562569,0.0,0.1346167127991862,0.0,0.0,True,,
Tawanda_Chirewa,MID,Wolves,0,22.767690711633307,,0.5239748337745311,0.0,0.0,0.0,0.8706561426928943,0.0,0.0,0.0,0.0,0.2757736596926747,0.0,True,,
Enso_Gonzalez_Medina,MID,Wolves,0,22.767690711633307,,0.0,0.0,0.5239748337745311,0.0,0.0,0.0,0.8706561426928943,0.0,0.0,0.0,0.0,True,,
Tom_Edozie,MID,Wolves,0,22.767690711633307,,0.0,0.5239748337745311,0.0,0.0,0.0,0.8706561426928943,0.0,0.0,0.0,0.0,0.2757736596926747,True,,
Joe_Hodge,MID,Wolves,0,22.767690711633307,,0.0,0.0,0.0,0.5239748337745311,0.0,0.0,0.0,0.8706561426928943,0.0,0.0,0.0,True,,
Lewis_Miley,MID,Newcastle,21,22.243715877858776,,0.0,0.0,0.0,0.8706561426928943,0.0,0.0,0.0,0.0,0.2757736596926747,0.0,0.0,True,,
Joe_White,MID,Newcastle,0,22.243715877858776,,0.0,0.0,0.8706561426928943,0.0,0.0,0.0,0.0,0.2757736596926747,0.0,0.0,0.3191088233074879,True,,
Isaac_Hayden,MID,Newcastle,0,22.243715877858776,,0.0,0.8706561426928943,0.0,0.0,0.0,0.0,0.2757736596926747,0.0,0.0,0.3191088233074879,0.0,True,,
Garang_Kuol,MID,Newcastle,0,22.243715877858776,,0.8706561426928943,0.0,0.0,0.0,0.0,0.2757736596926747,0.0,0.0,0.3191088233074879,0.0,2.2810497971642576,True,,
Alfie_Pond,DEF,Wolves,1,22.12491335902837,,1.5408489606925286,0.0,0.0,0.0,4.656085071597573,0.0,2.650585837731628,0.0,0.0,0.0,0.4694414431049232,True,,
Pedro_Cardoso_de_Lima,DEF,Wolves,2,22.12491335902837,,0.0,1.5408489606925286,0.0,0.0,0.0,4.656085071597573,0.0,2.650585837731628,0.0,0.0,0.0,True,,
Bastien_Meupiyou_Menadjou,DEF,Wolves,0,22.12491335902837,,0.0,0.0,1.5408489606925286,0.0,0.0,0.0,4.656085071597573,0.0,2.650585837731628,0.0,0.0,True,,
Ki_Jana_Hoever,DEF,Wolves,0,22.12491335902837,,0.0,0.0,0.0,1.5408489606925286,0.0,0.0,0.0,4.656085071597573,0.0,2.650585837731628,0.0,True,,
Romelle_Donovan,MID,Brentford,0,21.37305973516588,summer_transfer,0.0,0.0,0.0,0.0,0.2757736596926747,0.0,0.0,0.3191088233074879,0.0,2.2810497971642576,0.0,True,,
Yunus_Emre_Konak,MID,Brentford,10,21.37305973516588,,0.0,0.2757736596926747,0.0,0.0,0.3191088233074879,0.0,2.2810497971642576,0.0,0.0,0.0,,True,,
Paris_Maghoma,MID,Brentford,8,21.37305973516588,,0.0,0.0,0.2757736596926747,0.0,0.0,0.3191088233074879,0.0,2.2810497971642576,0.0,0.0,0.0,True,,
Myles_Peart_Harris,MID,Brentford,0,21.37305973516588,,0.0,0.0,0.0,0.2757736596926747,0.0,0.0,0.3191088233074879,0.0,2.2810497971642576,0.0,0.0,True,,
Tyrell_Malacia,DEF,Man Utd,2,20.58406439833584,,0.0,0.0,0.0,4.656085071597573,0.0,2.650585837731628,0.0,0.0,0.0,0.4694414431049232,0.9436740561412478,True,,
Tyler_Fredricson,DEF,Man Utd,2,20.58406439833584,,0.0,4.656085071597573,0.0,2.650585837731628,0.0,0.0,0.0,0.4694414431049232,0.9436740561412478,0.0,0.0,True,,
Harry_Amass,DEF,Man Utd,4,20.58406439833584,,4.656085071597573,0.0,2.650585837731628,0.0,0.0,0.0,0.4694414431049232,0.9436740561412478,0.0,0.0,4.0301631474577295,True,,
Ayden_Heaven,DEF,Man Utd,10,20.58406439833584,jan_transfer,0.0,0.0,4.656085071597573,0.0,2.650585837731628,0.0,0.0,0.0,0.4694414431049232,0.9436740561412478,0.0,True,,
Matt_Turner,GK,Nott'm Forest,0,19.536569311518065,,0.1285306672562569,0.0,0.1346167127991862,0.0,0.0,0.4314785802923779,0.0,2.1206353912527334,0.0,0.2999048902647132,0.177460269,True,,
Will_Dennis,GK,Bournemouth,0,19.536569311518065,,0.0,0.1285306672562569,0.0,0.1346167127991862,0.0,0.0,0.4314785802923779,0.0,2.1206353912527334,0.0,0.2999048902647132,True,,
Callan_McKenna,GK,Bournemouth,0,19.536569311518065,,0.0,0.0,0.1285306672562569,0.0,0.1346167127991862,0.0,0.0,0.4314785802923779,0.0,2.1206353912527334,0.0,True,,
Alex_Paulsen,GK,Bournemouth,0,19.536569311518065,,0.0,0.0,0.0,0.1285306672562569,0.0,0.1346167127991862,0.0,0.0,0.4314785802923779,0.0,2.1206353912527334,True,,
Carlos_Miguel_dos_Santos_Pereira,GK,Nott'm Forest,0,19.536569311518065,,0.0,0.0,0.0,0.0,0.1285306672562569,0.0,0.1346167127991862,0.0,0.0,0.4314785802923779,0.0,True,,
Gabriel_Slonina,GK,Chelsea,0,19.408038644261808,,0.1346167127991862,0.0,0.0,0.4314785802923779,0.0,2.1206353912527334,0.0,0.2999048902647132,0.177460269,0.0,0.2999048902647132,True,,
Mike_Penders,GK,Chelsea,0,19.408038644261808,,0.0,0.1346167127991862,0.0,0.0,0.4314785802923779,0.0,2.1206353912527334,0.0,0.2999048902647132,0.177460269,0.0,True,,
Tom_Heaton,GK,Man Utd,0,19.27342193146262,,0.0,0.0,0.4314785802923779,0.0,2.1206353912527334,0.0,0.2999048902647132,0.177460269,0.0,0.2999048902647132,0.0,True,,
Dermot_Mee,GK,Man Utd,0,19.27342193146262,,0.0,0.4314785802923779,0.0,2.1206353912527334,0.0,0.2999048902647132,0.177460269,0.0,0.2999048902647132,0.0,0.0,True,,
Elyh_Harrison,GK,Man Utd,0,19.27342193146262,,0.4314785802923779,0.0,2.1206353912527334,0.0,0.2999048902647132,0.177460269,0.0,0.2999048902647132,0.0,0.0,1.7809299680073991,True,,
Walter_Benitez,GK,Crystal Palace,0,18.841943351170244,summer_transfer,2.1206353912527334,0.0,0.2999048902647132,0.177460269,0.0,0.2999048902647132,0.0,0.0,1.7809299680073991,0.0,0.2938188447218408,True,,
Remi_Matthews,GK,Crystal Palace,0,18.841943351170244,,0.0,2.1206353912527334,0.0,0.2999048902647132,0.177460269,0.0,0.2999048902647132,0.0,0.0,1.7809299680073991,0.0,True,,
Filip_Marschall,GK,Aston Villa,0,16.72130795991751,,0.2999048902647132,0.177460269,0.0,0.2999048902647132,0.0,0.0,1.7809299680073991,0.0,0.2938188447218408,0.0,0.1008168756093255,True,,
Joe_Gauci,GK,Aston Villa,0,16.72130795991751,,0.0,0.2999048902647132,0.177460269,0.0,0.2999048902647132,0.0,0.0,1.7809299680073991,0.0,0.2938188447218408,0.0,True,,
Marcus_Bettinelli,GK,Man City,0,16.421403069652797,summer_transfer,0.177460269,0.0,0.2999048902647132,0.0,0.0,1.7809299680073991,0.0,0.2938188447218408,0.0,0.1008168756093255,0.0,True,,
Benjamin_Lecomte,GK,Fulham,0,16.243942801101582,summer_transfer,0.0,0.2999048902647132,0.0,0.0,1.7809299680073991,0.0,0.2938188447218408,0.0,0.1008168756093255,0.0,0.0,True,,
Steven_Benda,GK,Fulham,0,16.243942801101582,,0.2999048902647132,0.0,0.0,1.7809299680073991,0.0,0.2938188447218408,0.0,0.1008168756093255,0.0,0.0,0.0,True,,
Odysseas_Vlachodimos,GK,Newcastle,0,15.944037910836869,,1.7809299680073991,0.0,0.2938188447218408,0.0,0.1008168756093255,0.0,0.0,0.0,0.0,0.0,2.849061188790444,True,,
Mark_Gillespie,GK,Newcastle,0,15.944037910836869,,0.0,1.7809299680073991,0.0,0.2938188447218408,0.0,0.1008168756093255,0.0,0.0,0.0,0.0,0.0,True,,
Martin_Dubravka,GK,Newcastle,44,15.944037910836869,,0.0,0.0,1.7809299680073991,0.0,0.2938188447218408,0.0,0.1008168756093255,0.0,0.0,0.0,0.0,True,,
Roman_Dixon,DEF,Everton,0,15.927979326738267,,0.0,2.650585837731628,0.0,0.0,0.0,0.4694414431049232,0.9436740561412478,0.0,0.0,4.0301631474577295,0.0,True,,
Reece_Welch,DEF,Everton,0,15.927979326738267,,2.650585837731628,0.0,0.0,0.0,0.4694414431049232,0.9436740561412478,0.0,0.0,4.0301631474577295,0.0,0.0,True,,
Wes_Foderingham,GK,West Ham,0,14.16310794282947,,0.2938188447218408,0.0,0.1008168756093255,0.0,0.0,0.0,0.0,0.0,2.849061188790444,0.0,0.0,True,,
Krisztian_Hegyi,GK,West Ham,0,14.16310794282947,,0.0,0.2938188447218408,0.0,0.1008168756093255,0.0,0.0,0.0,0.0,0.0,2.849061188790444,0.0,True,,
Armin_Pecsi,GK,Liverpool,0,13.869289098107629,summer_transfer,0.1008168756093255,0.0,0.0,0.0,0.0,0.0,2.849061188790444,0.0,0.0,0.0,1.1261045406402277,True,,
Freddie_Woodman,GK,Liverpool,0,13.869289098107629,summer_transfer,0.0,0.1008168756093255,0.0,0.0,0.0,0.0,0.0,2.849061188790444,0.0,0.0,0.0,True,,
Vaclav_Hladky,GK,Burnley,0,13.768472222498303,promoted_team,0.0,0.0,0.0,0.0,2.849061188790444,0.0,0.0,0.0,1.1261045406402277,0.0,0.0,True,,
Etienne_Green,GK,Burnley,0,13.768472222498303,promoted_team,0.0,0.0,0.0,0.0,0.0,2.849061188790444,0.0,0.0,0.0,1.1261045406402277,0.0,True,,
Blondy_Nna_Noukeu,GK,Sunderland,0,13.768472222498303,promoted_team,0.0,0.0,0.0,2.849061188790444,0.0,0.0,0.0,1.1261045406402277,0.0,0.0,1.995147746767884,True,,
Simon_Moore,GK,Sunderland,0,13.768472222498303,promoted_team,0.0,0.0,2.849061188790444,0.0,0.0,0.0,1.1261045406402277,0.0,0.0,1.995147746767884,0.0,True,,
Alex_Cairns,GK,Leeds,0,13.768472222498303,promoted_team,0.0,2.849061188790444,0.0,0.0,0.0,1.1261045406402277,0.0,0.0,1.995147746767884,0.0,0.777270049,True,,
Karl_Darlow,GK,Leeds,0,13.768472222498303,promoted_team,2.849061188790444,0.0,0.0,0.0,1.1261045406402277,0.0,0.0,1.995147746767884,0.0,0.777270049,0.0,True,,
Caleb_Kporha,DEF,Crystal Palace,2,13.27739348900664,,0.0,0.0,0.0,0.4694414431049232,0.9436740561412478,0.0,0.0,4.0301631474577295,0.0,0.0,0.0,True,,
Nathaniel_Clyne,DEF,Crystal Palace,18,13.27739348900664,,0.0,0.0,0.4694414431049232,0.9436740561412478,0.0,0.0,4.0301631474577295,0.0,0.0,0.0,0.0,True,,
Chadi_Riad_Dnanou,DEF,Crystal Palace,1,13.27739348900664,,0.0,0.4694414431049232,0.9436740561412478,0.0,0.0,4.0301631474577295,0.0,0.0,0.0,0.0,1.2518438482797478,True,,
Rob_Holding,DEF,Crystal Palace,0,13.27739348900664,,0.4694414431049232,0.9436740561412478,0.0,0.0,4.0301631474577295,0.0,0.0,0.0,0.0,1.2518438482797478,0.0,True,,
Samuel_Amissah,DEF,Fulham,0,12.807952045901716,,0.9436740561412478,0.0,0.0,4.0301631474577295,0.0,0.0,0.0,0.0,1.2518438482797478,0.0,0.0,True,,
Takai_Kota,DEF,Spurs,0,11.864277989760469,summer_transfer,0.0,0.0,4.0301631474577295,0.0,0.0,0.0,0.0,1.2518438482797478,0.0,0.0,1.2422615084169024,True,,
Luka_Vuskovic,DEF,Spurs,0,11.864277989760469,summer_transfer,0.0,4.0301631474577295,0.0,0.0,0.0,0.0,1.2518438482797478,0.0,0.0,1.2422615084169024,0.0,True,,
Ashley_Phillips,DEF,Spurs,0,11.864277989760469,,4.0301631474577295,0.0,0.0,0.0,0.0,1.2518438482797478,0.0,0.0,1.2422615084169024,0.0,0.0,True,,
Hakon_Rafn_Valdimarsson,GK,Brentford,2,10.91941103370786,,0.0,0.0,0.0,1.1261045406402277,0.0,0.0,1.995147746767884,0.0,0.777270049,0.0,,True,,
Andres_Garcia,DEF,Aston Villa,8,7.834114842302739,jan_transfer,0.0,0.0,0.0,1.2518438482797478,0.0,0.0,1.2422615084169024,0.0,0.0,0.0,0.0,True,,
Yasin_Ozcan,DEF,Aston Villa,0,7.834114842302739,summer_transfer,0.0,1.2518438482797478,0.0,0.0,1.2422615084169024,0.0,0.0,0.0,0.0,0.611548414,0.0,True,,
Lino_da_Cruz_Sousa,DEF,Aston Villa,0,7.834114842302739,,1.2518438482797478,0.0,0.0,1.2422615084169024,0.0,0.0,0.0,0.0,0.611548414,0.0,0.0,True,,
Lamare_Bogarde,DEF,Aston Villa,6,7.834114842302739,,0.0,0.0,0.0,0.0,1.2518438482797478,0.0,0.0,1.2422615084169024,0.0,0.0,0.0,True,,
Alex_Moreno_Lopera,DEF,Aston Villa,34,7.834114842302739,,0.0,0.0,1.2518438482797478,0.0,0.0,1.2422615084169024,0.0,0.0,0.0,0.0,0.611548414,True,,
Charlie_Tasker,DEF,Brighton,0,6.582270994022991,,0.0,0.0,1.2422615084169024,0.0,0.0,0.0,0.0,0.611548414,0.0,0.0,0.0,True,,
Jacob_Slater,DEF,Brighton,0,6.582270994022991,,0.0,1.2422615084169024,0.0,0.0,0.0,0.0,0.611548414,0.0,0.0,0.0,0.0,True,,
Eiran_Cashin,DEF,Brighton,1,6.582270994022991,jan_transfer,1.2422615084169024,0.0,0.0,0.0,0.0,0.611548414,0.0,0.0,0.0,0.0,0.0,True,,
Kim_Ji_soo,DEF,Brentford,3,5.340009485606089,,0.0,0.611548414,0.0,0.0,0.0,0.0,0.0,0.0,0.0,6.529059674085829,0.0,True,,
Jayden_Meghoma,DEF,Brentford,1,5.340009485606089,,0.611548414,0.0,0.0,0.0,0.0,0.0,0.0,0.0,6.529059674085829,0.0,0.6259219241398739,True,,
Aaron_Hickey,DEF,Brentford,0,5.340009485606089,,0.0,0.0,0.611548414,0.0,0.0,0.0,0.0,0.0,0.0,0.0,6.529059674085829,True,,
Benjamin_Fredrick,DEF,Brentford,0,5.340009485606089,,0.0,0.0,0.0,0.611548414,0.0,0.0,0.0,0.0,0.0,0.0,0.0,True,,
Benjamin_Arthur,DEF,Brentford,0,5.340009485606089,,0.0,0.0,0.0,0.0,0.611548414,0.0,0.0,0.0,0.0,0.0,0.0,True,,
Chris_Mepham,DEF,Bournemouth,0,4.728461071,,0.0,0.0,0.0,0.0,0.0,0.0,0.0,6.529059674085829,0.0,0.6259219241398739,0.0,True,,
Willy_Boly,DEF,Nott'm Forest,6,4.728461071,,0.0,0.0,0.0,0.0,0.0,0.0,6.529059674085829,0.0,0.6259219241398739,0.0,0.0,True,,
Matai_Akinmboni,DEF,Bournemouth,0,4.728461071,jan_transfer,0.0,0.0,0.0,0.0,0.0,6.529059674085829,0.0,0.6259219241398739,0.0,0.0,0.0,True,,
Julian_Araujo_Zuniga,DEF,Bournemouth,12,4.728461071,,0.0,0.0,0.0,0.0,6.529059674085829,0.0,0.6259219241398739,0.0,0.0,0.0,8.852311039953179,True,,
Owen_Bevan,DEF,Bournemouth,0,4.728461071,,0.0,0.0,0.0,6.529059674085829,0.0,0.6259219241398739,0.0,0.0,0.0,8.852311039953179,0.0,True,,
James_Hill,DEF,Bournemouth,17,4.728461071,,0.0,0.0,6.529059674085829,0.0,0.6259219241398739,0.0,0.0,0.0,8.852311039953179,0.0,0.0,True,,
Zach_Abbott,DEF,Nott'm Forest,0,4.728461071,,0.0,6.529059674085829,0.0,0.6259219241398739,0.0,0.0,0.0,8.852311039953179,0.0,0.0,8.871475719678926,True,,
Julio_Soler_Barreto,DEF,Bournemouth,3,4.728461071,jan_transfer,6.529059674085829,0.0,0.6259219241398739,0.0,0.0,0.0,8.852311039953179,0.0,0.0,8.871475719678926,0.0,True,,
Josh_Acheampong,DEF,Chelsea,4,-1.800598603,,0.0,0.6259219241398739,0.0,0.0,0.0,8.852311039953179,0.0,0.0,8.871475719678926,0.0,0.0,True,,
Aaron_Anselmino,DEF,Chelsea,0,-1.800598603,,0.6259219241398739,0.0,0.0,0.0,8.852311039953179,0.0,0.0,8.871475719678926,0.0,0.0,,True,,
